bench,cells,fallback_cells,mean_final_level,n_contradiction_flag_cells,arxiv,repo_commit,packet_sha256
abra,25,3,0.68,4,2605.11224v1,688814615dc368a66276798cb864fe9a587d7e6c,68dfd19d753310d2cab8df170692dcdf022e057f3786d32aad40e0fb4bdb22df
agentclinic,25,5,0.68,1,2405.07960v5,b6fbe22300e99a267a7ac94eaa465ab552eef741,9317b34007eed926a21db1af9afe8222c6bbad6462241de15cd23c61f084eadd
art,25,5,0.44,0,2601.08988v1,,736152b09a23dc3fdec5c5771fc07d9ad0d8cf978c49c90000a6ff62c070de0e
clindef,25,9,0.5833333333333334,0,2512.23440v1,,ac37dda04b45c9eb1077e502157de738ede037c57264d9f457130c1026528746
clinenv,25,3,0.7083333333333334,1,2606.02568v1,c033d74ed776a852ae185b80a987798586f4caf7,12bec17ff6d473360fd9519d43ef3efa08f399143bd92ca474a22ff2c0869e13
clinicalagent-bench,25,4,0.30434782608695654,0,2410.17657v3,e89ef65ec34b189276e69f59b22f1e9dc9069984,8e0b5e40ad7ac1197133e3437cd838aec5696556b36382da01f3a7b0517e9b35
clinicare-bench,25,3,1.0434782608695652,0,2608.07796v1,,3fb808d1ce2a3f60004372e7d90c582b708a63c7c10d9c37a89d268d0bf78a44
codeclinic,25,4,0.7391304347826086,0,2605.09675v1,784f1203945e946b9d6c836a49c50a63822e7280,43774935fb924d5ca82a2f583f946f65ac3a05a7ec34b6c7d682e99637f4dbaf
cp-env,25,5,0.32,0,2512.10206v2,6c33121d96baf610c9c5b15bf3429129555e5acb,5a6cfe49aa4841565f085863a9fdeab02ff88f890183dc619783d01855ee4837
deeptumorvqa,25,1,1.173913043478261,3,2605.09679v1,1df7460db6b95a4fc550bf34d75571057e1d4c4b,f35ba6d8c25741cf58ed87be387b980efbaccfb210ef5f0eb1d49d39fa4e2a2a
diaggym-diagbench,25,5,0.8,0,2510.24654v2,bc497195e57690bd73381d6114b3a307108a8c91,44841e200e698b35ef4fd852e8ed99eea0bb2cd68712cc66cb98f85da568805d
ecg-scroll,25,4,0.5416666666666666,1,2609.33117v1,4db14ef59d8ee78de785c12a7d4644c9c8e3dc0f,88cd0481361ba2aee296834b556a51605b25931eeda8fee8457fb574de2f87b6
ehr-chatqa,25,5,0.6521739130434783,0,2509.23415v2,8b97b9a303ce601690224435c3aa54dab19c4d00,c72bfae2d27b4c2de06e2edecae459ce05c1e9eeb0dbb3ace7c8b6bd2223b420
ehr-complex,25,4,0.8695652173913043,0,2606.23301v1,,68a3819a1643d574d013163aa3dfc57a7cbcc7a43d16ab19b27ccfb5176bd42a
ehr-robustgym,25,4,0.7391304347826086,0,2609.39371v1,,11dd50d5fbbdaa472b3dcbe658241d923b89adc194de311c5f50332e505fe157
evimed,25,6,0.4166666666666667,0,2601.19773v1,7b6da74dfdcffc4f87e3e7ff37a09e33b821cb57,47bebd2e375feae60ba15f59c7e08a464dd0a1c65f9ce1caab51c3d8334422fd
fhir-agentbench,25,0,0.7391304347826086,0,2509.19319v2,bbb42909a5a7eb907d1cd91f72a560729e7037ea,06ee1488a43a7ba730b26b9dd553b65f3c423f4f887ae8e3fce44d9ce8882c5c
fhir-agenteval,25,7,0.48,0,,,9627012f96999ec1421ccfad1de8d24c0e79928d9b49f056b44c1c941b45beff
gpagentbench-2k,25,6,0.76,0,2608.30188v2,7f8f67e5f2983fab9c272400a54666cfe9e2a497,2d2de582cb51f02cc5eb49364dfd0ff2f70b57a75ce0785dfe1de2fcb45f0905
h-adminsim,25,5,0.44,0,2602.05407v3,693210cdba425e559c379e078527fbda163b4124,75f24bb16211681890b1ec5c252a12a2d340e1d69c930b49acdc8161604324ba
healthagentbench,25,2,1.0,2,2606.31179v1,bcbb8085fd549469e2dc7455f4bfd68a1b98895a,465ef5ac32aec57aad961552210df5ff17fa0ed7b4d7c77b41bb7124a6c8f8fa
healthcare-ai-gym,25,6,0.56,3,2605.02943v1,92e9613d02036b97c8de6a7bd9db77cf1803ce41,e28a4aeaf9b0b06b95ed5233b34c75edcf23383a7087d686a471149ca0bf507e
healthcraft,0,,,,,,
klinikebench,25,2,0.84,2,2609.38480v1,311b2191cb8a5dc19ed55ef1f811c056aea72531,028c401b43a37f712a1ed5ad97b94ed51a5316b49ea5076b426c8db9c7de3f07
med-inquire,25,3,0.4583333333333333,2,2601.22964v1,d9bd3f4b70d77cac7336049a2f1f0a135f1410cc,591cd95ce169ed2e1f1e15b3f07ddcdf3d10c5f57a7f07eae6598613217e09c3
medagentbench-v1,25,2,0.52,0,2501.14654v2,99260117137b09f04837a8c18d18a1107efa55ae,7cb4fa0e85a3b62038a9fee90e465d38434b7bda242b79238b603e114bd35d0a
medagentbench-v2,25,6,0.4,0,,,860aa4d174f810789f7b91740d4fe246f97329a07ed61f121719edd53a720fa1
medagentsim,25,6,0.36,0,2503.22678v2,6d1409724ca247dc50be1827818f2132a277e68b,17b97ffe98722300a406ab2b9daf23e23836ddfda24098a2378ad666f8658bda
medcta,25,3,0.782608695652174,0,2606.11702v1,eb7d1dc0adc6da4c31d9c5ebef3a8059a620022c,8d78dbd8c5266b656836d3d133f1b9bbddf1645ec233e52ffa5ec5f39d8e9845
medcua-bench,25,7,0.64,0,2606.03203v1,,a7d1d7f8ba599d12b83f8739e152bba967b45f294396f61e13bf1becf86221be
medevoeval,25,5,0.7083333333333334,0,2606.28900v1,,9e114ef54b5f64b6e3e005f39b570f786ac22955e3bb2cf14d0b7ffd372b2548
medflowbench,25,5,0.52,0,2603.24649v2,,d1573ac7731b511d2791f6ce862698c5c822606fc1d9a70a13443d53c5e9ab81
medimageedu,25,1,0.5217391304347826,0,2604.14656v1,,4cd2f18bf06b4cebf0f73294bbee5bb105e0f74ea18544511c506b77f7f6fab3
medmcp-calc,25,4,0.5217391304347826,0,2601.23049v2,26304c5b02bfca22ecd0cdef69bcf5bff8e71891,d6e2383d626eb77dcdd5c342d5b64a7e012e075e1b87dd16dec7fdb44f746419
medsp1000,25,5,0.84,3,2606.05112v1,2806984cb331d6fedc2c0555e3c1c4a54171c77a,59396e28124f6efa175831911368216338e09eba6a654b52bfa7618aaa0fd34c
mentalhospital,25,5,0.76,0,2607.08257v1,,3394c63f97225b81d96909ad6bc14553f73a8fcddcfad7915db211fc1e83de9f
mtbbench,25,3,0.5217391304347826,0,2511.20490v1,ac8151bc7c659a291610f14204e5f67f0bd7b908,4a2a6814d11a76f1eaac27e24fbc221abef3627e4e5cbf398d927a957cc5892a
openhospital,25,8,0.44,0,2603.14771v3,c14b6e59ab6df517238ae64e9a9b0ac1a7bb3be7,f8eaa7721851f03d91ab5eb40c855e6ceae667aa179546fe0582927c64baaae5
patientagentbench,25,4,1.0,0,2607.25485v1,c9bfa1b57253d731582cb64da4e9dfe6fe633f15,85c030b8af76f81a4e91659a15c762da7aef3c7a6d6ab2fe9adc1ad4389c1c92
physassistbench,25,6,0.72,2,2606.18613v4,12aa0eccf102f65f7715bbc4a3264bd4f31f7bd0,3bb96a2ded3f098f37137fd0dc279e0612ae3285422497d7ee4e5b495db5c92a
physicianbench,25,5,0.76,1,2605.02240v1,c7efa8fd5b1e4744ada50668efe4b7e84023cbb0,c3459bab5321c5be2bfe55c46df4c5e871962fd5b02c5ede3b3535877202ff7d
rada-benchplat,25,3,0.72,0,2412.09529v4,ee45eb2ffa65541b5deb013135caf825e471ac53,d5c075a54c28066986fdc4f81191f90f81a4ef664bd560690cc62e87c6f1917c
rha-safety,25,5,0.64,1,2604.26577v2,69391da398f091814b33b70c0ac39531f3a33259,191cad38f696793c979a0876aa9db51e2b7a4bbba14d859f6b551cfbac72b0af
synthetic-hospital,25,3,0.8260869565217391,0,2609.30027v1,911f34c4ac65a508543c4b3b90c373a0cd16534d,9efcd297336dac1941e9978549f787b39bc7883defb2d6e3cf01b5d864406b24
vivabench,25,3,0.8333333333333334,0,2510.10278v1,,8febce06cdd40fe2f4fd1878d8a8cda2505535c361ed80e98f2f7c8fae2c8a59
