bench,item,final,status,fallback,majority_final,supporters,raw_codex,raw_sonnet,eff_codex,eff_sonnet
abra,C1,1,resolved,False,1,codex;sonnet,1,2,1,2
abra,C2,1,resolved,False,1,codex;sonnet,1,1,1,1
abra,C3,1,resolved,False,1,codex;sonnet,1,1,1,1
abra,C4,0,established_zero,False,0,codex;sonnet,0,0,0,0
abra,C5,0,established_zero,False,0,codex;sonnet,0,0,0,0
abra,C6,0,established_zero,False,0,codex;sonnet,0,0,0,0
abra,C7,1,resolved,False,1,codex;sonnet,1,1,1,1
abra,C8,1,resolved,False,1,codex;sonnet,1,1,1,1
abra,C9,0,established_zero,False,0,codex;sonnet,0,0,0,0
abra,C10,1,resolved,False,1,codex;sonnet,1,1,1,1
abra,C11,0,established_zero,False,0,codex;sonnet,0,0,0,0
abra,C12,0,established_zero,False,0,codex;sonnet,0,0,0,0
abra,C13,1,resolved,False,1,codex;sonnet,1,2,1,2
abra,C14,0,not_established,True,0,,1,0,1,0
abra,A1,1,resolved,False,1,codex;sonnet,1,1,1,1
abra,A2,0,not_established,True,0,,0,1,0,1
abra,A3,1,resolved,False,1,codex;sonnet,2,1,2,1
abra,A4,1,resolved,False,1,codex;sonnet,1,1,1,1
abra,A5,1,resolved,False,1,codex;sonnet,1,1,1,1
abra,A6,1,resolved,False,1,codex;sonnet,1,1,1,1
abra,A7,2,resolved,False,2,codex;sonnet,2,2,2,2
abra,A8,1,resolved,False,1,codex;sonnet,1,1,1,1
abra,A9,0,not_established,True,0,,0,1,0,1
abra,A10,1,resolved,False,1,codex;sonnet,1,1,1,1
abra,A11,1,resolved,False,1,codex;sonnet,1,1,1,1
agentclinic,C1,1,resolved,False,1,codex;sonnet,1,1,1,1
agentclinic,C2,1,resolved,False,1,codex;sonnet,1,1,1,1
agentclinic,C3,1,resolved,False,1,codex;sonnet,1,1,1,1
agentclinic,C4,1,resolved,False,1,codex;sonnet,1,1,1,1
agentclinic,C5,1,resolved,False,1,codex;sonnet,1,1,1,1
agentclinic,C6,1,resolved,False,1,codex;sonnet,1,1,1,1
agentclinic,C7,0,not_established,True,0,,0,1,0,1
agentclinic,C8,1,resolved,False,1,codex;sonnet,1,1,1,1
agentclinic,C9,0,na_rejected_as_zero,True,0,,0,NA,0,NA
agentclinic,C10,0,not_established,True,0,,1,0,1,0
agentclinic,C11,0,established_zero,False,0,codex;sonnet,0,0,0,0
agentclinic,C12,1,resolved,False,1,codex;sonnet,1,1,1,1
agentclinic,C13,0,not_established,True,1,,1,1,0,0
agentclinic,C14,2,resolved,False,2,codex;sonnet,2,2,2,2
agentclinic,A1,0,established_zero,False,0,codex;sonnet,0,0,0,0
agentclinic,A2,1,resolved,False,1,codex;sonnet,1,1,1,1
agentclinic,A3,0,not_established,True,0,,1,0,1,0
agentclinic,A4,0,established_zero,False,0,codex;sonnet,0,0,0,0
agentclinic,A5,1,resolved,False,1,codex;sonnet,1,1,1,1
agentclinic,A6,1,resolved,False,1,codex;sonnet,1,1,1,1
agentclinic,A7,1,resolved,False,1,codex;sonnet,1,1,1,1
agentclinic,A8,1,resolved,False,1,codex;sonnet,1,1,1,1
agentclinic,A9,0,established_zero,False,0,codex;sonnet,0,0,0,0
agentclinic,A10,1,resolved,False,1,codex;sonnet,1,1,1,1
agentclinic,A11,1,resolved,False,1,codex;sonnet,1,1,1,1
art,C1,1,resolved,False,1,codex;sonnet,1,1,1,1
art,C2,1,resolved,False,1,codex;sonnet,1,1,1,1
art,C3,1,resolved,False,1,codex;sonnet,1,1,1,1
art,C4,0,established_zero,False,0,codex;sonnet,0,0,0,0
art,C5,0,not_established,True,0,,1,0,1,0
art,C6,0,established_zero,False,0,codex;sonnet,0,0,0,0
art,C7,0,established_zero,False,0,codex;sonnet,0,0,0,0
art,C8,0,not_established,True,0,,1,0,1,0
art,C9,0,established_zero,False,0,codex;sonnet,0,0,0,0
art,C10,0,not_established,True,0,,1,0,1,0
art,C11,0,established_zero,False,0,codex;sonnet,0,0,0,0
art,C12,0,not_established,True,0,,1,0,1,0
art,C13,1,resolved,False,1,codex;sonnet,1,1,1,1
art,C14,0,established_zero,False,0,codex;sonnet,0,0,0,0
art,A1,1,resolved,False,1,codex;sonnet,1,1,1,1
art,A2,0,established_zero,False,0,codex;sonnet,0,0,0,0
art,A3,0,established_zero,False,0,codex;sonnet,0,0,0,0
art,A4,1,resolved,False,1,codex;sonnet,1,1,1,1
art,A5,0,not_established,True,0,,1,0,1,0
art,A6,0,established_zero,False,0,codex;sonnet,0,0,0,0
art,A7,1,resolved,False,1,codex;sonnet,1,1,1,1
art,A8,1,resolved,False,1,codex;sonnet,1,1,1,1
art,A9,1,resolved,False,1,codex;sonnet,1,1,1,1
art,A10,1,resolved,False,1,codex;sonnet,1,1,1,1
art,A11,1,resolved,False,1,codex;sonnet,1,1,1,1
clindef,C1,0,not_established,True,0,,1,0,1,0
clindef,C2,1,resolved,False,1,codex;sonnet,1,1,1,1
clindef,C3,0,not_established,True,1,,1,1,0,1
clindef,C4,1,resolved,False,1,codex;sonnet,1,1,1,1
clindef,C5,1,resolved,False,1,codex;sonnet,1,1,1,1
clindef,C6,0,not_established,True,0,,0,1,0,1
clindef,C7,0,established_zero,False,0,codex;sonnet,0,0,0,0
clindef,C8,0,not_established,True,0,,1,0,1,0
clindef,C9,NA,na_accepted,False,NA,codex;sonnet,NA,NA,NA,NA
clindef,C10,0,not_established,True,0,,1,0,1,0
clindef,C11,0,established_zero,False,0,codex;sonnet,0,0,0,0
clindef,C12,2,resolved,False,2,codex;sonnet,2,2,2,2
clindef,C13,0,not_established,True,2,,2,2,0,2
clindef,C14,1,resolved,False,1,codex;sonnet,1,1,1,1
clindef,A1,0,not_established,True,2,,2,2,0,2
clindef,A2,1,resolved,False,1,codex;sonnet,1,1,1,1
clindef,A3,0,not_established,True,1,,1,1,0,1
clindef,A4,1,resolved,False,1,codex;sonnet,1,1,1,1
clindef,A5,1,resolved,False,1,codex;sonnet,1,1,1,1
clindef,A6,1,resolved,False,1,codex;sonnet,1,1,1,1
clindef,A7,1,resolved,False,1,codex;sonnet,1,2,1,2
clindef,A8,1,resolved,False,1,codex;sonnet,1,1,1,1
clindef,A9,1,resolved,False,1,codex;sonnet,1,1,1,1
clindef,A10,0,not_established,True,0,,1,0,0,0
clindef,A11,1,resolved,False,1,codex;sonnet,1,1,1,1
clinenv,C1,2,resolved,False,2,codex;sonnet,2,2,2,2
clinenv,C2,1,resolved,False,1,codex;sonnet,1,1,1,1
clinenv,C3,1,resolved,False,1,codex;sonnet,1,1,1,1
clinenv,C4,0,established_zero,False,0,codex;sonnet,0,0,0,0
clinenv,C5,1,resolved,False,1,codex;sonnet,1,1,1,1
clinenv,C6,2,resolved,False,2,codex;sonnet,2,2,2,2
clinenv,C7,1,resolved,False,1,codex;sonnet,1,1,1,1
clinenv,C8,0,established_zero,False,0,codex;sonnet,0,0,0,0
clinenv,C9,NA,na_accepted,False,NA,codex;sonnet,NA,NA,NA,NA
clinenv,C10,0,not_established,True,0,,1,0,1,0
clinenv,C11,0,established_zero,False,0,codex;sonnet,0,0,0,0
clinenv,C12,0,established_zero,False,0,codex;sonnet,0,0,0,0
clinenv,C13,1,resolved,False,1,codex;sonnet,1,1,1,1
clinenv,C14,1,resolved,False,1,codex;sonnet,1,1,1,1
clinenv,A1,0,established_zero,False,0,codex;sonnet,0,0,0,0
clinenv,A2,1,resolved,False,1,codex;sonnet,1,1,1,1
clinenv,A3,0,established_zero,False,0,codex;sonnet,0,0,0,0
clinenv,A4,0,established_zero,False,0,codex;sonnet,0,0,0,0
clinenv,A5,0,not_established,True,1,,1,1,0,1
clinenv,A6,0,not_established,True,1,,1,1,0,1
clinenv,A7,1,resolved,False,1,codex;sonnet,2,1,2,1
clinenv,A8,1,resolved,False,1,codex;sonnet,1,1,1,1
clinenv,A9,1,resolved,False,1,codex;sonnet,1,1,1,1
clinenv,A10,1,resolved,False,1,codex;sonnet,1,1,1,1
clinenv,A11,2,resolved,False,2,codex;sonnet,2,2,2,2
clinicalagent-bench,C1,0,not_established,True,1,,1,1,0,1
clinicalagent-bench,C2,1,resolved,False,1,codex;sonnet,1,1,1,1
clinicalagent-bench,C3,1,resolved,False,1,codex;sonnet,1,1,1,1
clinicalagent-bench,C4,1,resolved,False,1,codex;sonnet,1,1,1,1
clinicalagent-bench,C5,0,established_zero,False,0,codex;sonnet,0,0,0,0
clinicalagent-bench,C6,0,established_zero,False,0,codex;sonnet,0,0,0,0
clinicalagent-bench,C7,0,not_established,True,0,,0,1,0,1
clinicalagent-bench,C8,0,established_zero,False,0,codex;sonnet,0,0,0,0
clinicalagent-bench,C9,NA,na_accepted,False,NA,codex;sonnet,NA,NA,NA,NA
clinicalagent-bench,C10,0,established_zero,False,0,codex;sonnet,0,0,0,0
clinicalagent-bench,C11,0,established_zero,False,0,codex;sonnet,0,0,0,0
clinicalagent-bench,C12,0,established_zero,False,0,codex;sonnet,0,0,0,0
clinicalagent-bench,C13,0,not_established,True,1,,1,1,0,1
clinicalagent-bench,C14,2,resolved,False,2,codex;sonnet,2,2,2,2
clinicalagent-bench,A1,0,established_zero,False,0,codex;sonnet,0,0,0,0
clinicalagent-bench,A2,0,established_zero,False,0,codex;sonnet,0,0,0,0
clinicalagent-bench,A3,0,established_zero,False,0,codex;sonnet,0,0,0,0
clinicalagent-bench,A4,0,established_zero,False,0,codex;sonnet,0,0,0,0
clinicalagent-bench,A5,0,not_established,True,0,,1,0,1,0
clinicalagent-bench,A6,0,established_zero,False,0,codex;sonnet,0,0,0,0
clinicalagent-bench,A7,NA,na_accepted,False,NA,codex;sonnet,NA,NA,NA,NA
clinicalagent-bench,A8,0,established_zero,False,0,codex;sonnet,0,0,0,0
clinicalagent-bench,A9,0,established_zero,False,0,codex;sonnet,0,0,0,0
clinicalagent-bench,A10,1,resolved,False,1,codex;sonnet,1,1,1,1
clinicalagent-bench,A11,1,resolved,False,1,codex;sonnet,1,1,1,1
clinicare-bench,C1,2,resolved,False,2,codex;sonnet,2,2,2,2
clinicare-bench,C2,1,resolved,False,1,codex;sonnet,2,1,2,1
clinicare-bench,C3,1,resolved,False,1,codex;sonnet,1,1,1,1
clinicare-bench,C4,0,not_established,True,0,,0,1,0,1
clinicare-bench,C5,1,resolved,False,1,codex;sonnet,1,1,1,1
clinicare-bench,C6,1,resolved,False,1,codex;sonnet,2,1,2,1
clinicare-bench,C7,1,resolved,False,1,codex;sonnet,1,1,1,1
clinicare-bench,C8,1,resolved,False,1,codex;sonnet,1,1,1,1
clinicare-bench,C9,NA,na_accepted,False,NA,codex;sonnet,NA,NA,NA,NA
clinicare-bench,C10,1,resolved,False,1,codex;sonnet,1,1,1,1
clinicare-bench,C11,0,established_zero,False,0,codex;sonnet,0,0,0,0
clinicare-bench,C12,2,resolved,False,2,codex;sonnet,2,2,2,2
clinicare-bench,C13,0,not_established,True,0,,0,1,0,1
clinicare-bench,C14,2,resolved,False,2,codex;sonnet,2,2,2,2
clinicare-bench,A1,1,resolved,False,1,codex;sonnet,1,1,1,1
clinicare-bench,A2,1,resolved,False,1,codex;sonnet,1,1,1,1
clinicare-bench,A3,2,resolved,False,2,codex;sonnet,2,2,2,2
clinicare-bench,A4,0,not_established,True,0,,0,1,0,1
clinicare-bench,A5,1,resolved,False,1,codex;sonnet,1,1,1,1
clinicare-bench,A6,1,resolved,False,1,codex;sonnet,1,1,1,1
clinicare-bench,A7,NA,na_accepted,False,NA,codex;sonnet,NA,NA,NA,NA
clinicare-bench,A8,1,resolved,False,1,codex;sonnet,1,1,1,1
clinicare-bench,A9,1,resolved,False,1,codex;sonnet,1,1,1,1
clinicare-bench,A10,1,resolved,False,1,codex;sonnet,1,1,1,1
clinicare-bench,A11,2,resolved,False,2,codex;sonnet,2,2,2,2
codeclinic,C1,2,resolved,False,2,codex;sonnet,2,2,2,2
codeclinic,C2,1,resolved,False,1,codex;sonnet,1,1,1,1
codeclinic,C3,1,resolved,False,1,codex;sonnet,1,1,1,1
codeclinic,C4,0,established_zero,False,0,codex;sonnet,0,0,0,0
codeclinic,C5,1,resolved,False,1,codex;sonnet,1,1,1,1
codeclinic,C6,0,established_zero,False,0,codex;sonnet,0,0,0,0
codeclinic,C7,1,resolved,False,1,codex;sonnet,1,1,1,1
codeclinic,C8,0,established_zero,False,0,codex;sonnet,0,0,0,0
codeclinic,C9,NA,na_accepted,False,NA,codex;sonnet,NA,NA,NA,NA
codeclinic,C10,1,resolved,False,1,codex;sonnet,1,1,1,1
codeclinic,C11,0,established_zero,False,0,codex;sonnet,0,0,0,0
codeclinic,C12,1,resolved,False,1,codex;sonnet,1,1,1,1
codeclinic,C13,0,not_established,True,1,,1,1,1,0
codeclinic,C14,2,resolved,False,2,codex;sonnet,2,2,2,2
codeclinic,A1,0,not_established,True,1,,1,1,1,0
codeclinic,A2,1,resolved,False,1,codex;sonnet,1,1,1,1
codeclinic,A3,0,established_zero,False,0,codex;sonnet,0,0,0,0
codeclinic,A4,0,not_established,True,1,,1,1,0,0
codeclinic,A5,0,not_established,True,1,,1,1,0,0
codeclinic,A6,1,resolved,False,1,codex;sonnet,1,1,1,1
codeclinic,A7,NA,na_accepted,False,NA,codex;sonnet,NA,NA,NA,NA
codeclinic,A8,1,resolved,False,1,codex;sonnet,1,1,1,1
codeclinic,A9,1,resolved,False,1,codex;sonnet,1,1,1,1
codeclinic,A10,1,resolved,False,1,codex;sonnet,1,1,1,1
codeclinic,A11,2,resolved,False,2,codex;sonnet,2,2,2,2
cp-env,C1,1,resolved,False,1,codex;sonnet,1,1,1,1
cp-env,C2,1,resolved,False,1,codex;sonnet,1,1,1,1
cp-env,C3,0,established_zero,False,0,codex;sonnet,0,0,0,0
cp-env,C4,0,established_zero,False,0,codex;sonnet,0,0,0,0
cp-env,C5,0,established_zero,False,0,codex;sonnet,0,0,0,0
cp-env,C6,1,resolved,False,1,codex;sonnet,1,1,1,1
cp-env,C7,0,established_zero,False,0,codex;sonnet,0,0,0,0
cp-env,C8,0,established_zero,False,0,codex;sonnet,0,0,0,0
cp-env,C9,0,established_zero,False,0,codex;sonnet,0,0,0,0
cp-env,C10,0,established_zero,False,0,codex;sonnet,0,0,0,0
cp-env,C11,0,established_zero,False,0,codex;sonnet,0,0,0,0
cp-env,C12,0,established_zero,False,0,codex;sonnet,0,0,0,0
cp-env,C13,0,not_established,True,1,,1,1,0,1
cp-env,C14,0,not_established,True,0,,1,0,1,0
cp-env,A1,0,established_zero,False,0,codex;sonnet,0,0,0,0
cp-env,A2,0,established_zero,False,0,codex;sonnet,0,0,0,0
cp-env,A3,0,established_zero,False,0,codex;sonnet,0,0,0,0
cp-env,A4,0,established_zero,False,0,codex;sonnet,0,0,0,0
cp-env,A5,1,resolved,False,1,codex;sonnet,1,1,1,1
cp-env,A6,0,not_established,True,1,,1,1,0,1
cp-env,A7,2,resolved,False,2,codex;sonnet,2,2,2,2
cp-env,A8,1,resolved,False,1,codex;sonnet,1,1,1,1
cp-env,A9,0,not_established,True,0,,1,0,1,0
cp-env,A10,0,not_established,True,1,,1,1,0,1
cp-env,A11,1,resolved,False,1,codex;sonnet,1,1,1,1
deeptumorvqa,C1,1,resolved,False,1,codex;sonnet,1,1,1,1
deeptumorvqa,C2,2,resolved,False,2,codex;sonnet,2,2,2,2
deeptumorvqa,C3,1,resolved,False,1,codex;sonnet,1,1,1,1
deeptumorvqa,C4,1,resolved,False,1,codex;sonnet,1,1,1,1
deeptumorvqa,C5,2,resolved,False,2,codex;sonnet,2,2,2,2
deeptumorvqa,C6,0,established_zero,False,0,codex;sonnet,0,0,0,0
deeptumorvqa,C7,2,resolved,False,2,codex;sonnet,2,2,2,2
deeptumorvqa,C8,1,resolved,False,1,codex;sonnet,1,1,1,1
deeptumorvqa,C9,NA,na_accepted,False,NA,codex;sonnet,NA,NA,NA,NA
deeptumorvqa,C10,2,resolved,False,2,codex;sonnet,2,2,2,2
deeptumorvqa,C11,0,established_zero,False,0,codex;sonnet,0,0,0,0
deeptumorvqa,C12,2,resolved,False,2,codex;sonnet,2,2,2,2
deeptumorvqa,C13,1,resolved,False,1,codex;sonnet,1,1,1,1
deeptumorvqa,C14,2,resolved,False,2,codex;sonnet,2,2,2,2
deeptumorvqa,A1,1,resolved,False,1,codex;sonnet,1,1,1,1
deeptumorvqa,A2,2,resolved,False,2,codex;sonnet,2,2,2,2
deeptumorvqa,A3,0,established_zero,False,0,codex;sonnet,0,0,0,0
deeptumorvqa,A4,1,resolved,False,1,codex;sonnet,1,1,1,1
deeptumorvqa,A5,1,resolved,False,1,codex;sonnet,1,1,1,1
deeptumorvqa,A6,1,resolved,False,1,codex;sonnet,1,1,1,1
deeptumorvqa,A7,NA,na_accepted,False,NA,codex;sonnet,NA,NA,NA,NA
deeptumorvqa,A8,1,resolved,False,1,codex;sonnet,1,1,1,1
deeptumorvqa,A9,0,not_established,True,0,,1,0,1,0
deeptumorvqa,A10,1,resolved,False,1,codex;sonnet,1,2,1,2
deeptumorvqa,A11,2,resolved,False,2,codex;sonnet,2,2,2,2
diaggym-diagbench,C1,1,resolved,False,1,codex;sonnet,1,1,1,1
diaggym-diagbench,C2,1,resolved,False,1,codex;sonnet,1,1,1,1
diaggym-diagbench,C3,1,resolved,False,1,codex;sonnet,1,1,1,1
diaggym-diagbench,C4,0,established_zero,False,0,codex;sonnet,0,0,0,0
diaggym-diagbench,C5,1,resolved,False,1,codex;sonnet,1,1,1,1
diaggym-diagbench,C6,0,not_established,True,1,,1,1,1,0
diaggym-diagbench,C7,0,not_established,True,0,,0,1,0,1
diaggym-diagbench,C8,1,resolved,False,1,codex;sonnet,1,1,1,1
diaggym-diagbench,C9,0,na_rejected_as_zero,True,0,,1,NA,1,NA
diaggym-diagbench,C10,0,not_established,True,0,,1,0,1,0
diaggym-diagbench,C11,0,established_zero,False,0,codex;sonnet,0,0,0,0
diaggym-diagbench,C12,2,resolved,False,2,codex;sonnet,2,2,2,2
diaggym-diagbench,C13,1,resolved,False,1,codex;sonnet,1,1,1,1
diaggym-diagbench,C14,2,resolved,False,2,codex;sonnet,2,2,2,2
diaggym-diagbench,A1,1,resolved,False,1,codex;sonnet,1,1,1,1
diaggym-diagbench,A2,1,resolved,False,1,codex;sonnet,1,1,1,1
diaggym-diagbench,A3,0,established_zero,False,0,codex;sonnet,0,0,0,0
diaggym-diagbench,A4,1,resolved,False,1,codex;sonnet,1,1,1,1
diaggym-diagbench,A5,1,resolved,False,1,codex;sonnet,1,1,1,1
diaggym-diagbench,A6,1,resolved,False,1,codex;sonnet,1,1,1,1
diaggym-diagbench,A7,1,resolved,False,1,codex;sonnet,2,1,2,1
diaggym-diagbench,A8,0,not_established,True,1,,1,1,0,1
diaggym-diagbench,A9,1,resolved,False,1,codex;sonnet,1,1,1,1
diaggym-diagbench,A10,1,resolved,False,1,codex;sonnet,1,1,1,1
diaggym-diagbench,A11,2,resolved,False,2,codex;sonnet,2,2,2,2
ecg-scroll,C1,1,resolved,False,1,codex;sonnet,2,1,2,1
ecg-scroll,C2,0,not_established,True,1,,1,1,0,1
ecg-scroll,C3,1,resolved,False,1,codex;sonnet,1,1,1,1
ecg-scroll,C4,0,established_zero,False,0,codex;sonnet,0,0,0,0
ecg-scroll,C5,0,established_zero,False,0,codex;sonnet,0,0,0,0
ecg-scroll,C6,1,resolved,False,1,codex;sonnet,1,1,1,1
ecg-scroll,C7,1,resolved,False,1,codex;sonnet,1,1,1,1
ecg-scroll,C8,1,resolved,False,1,codex;sonnet,1,1,1,1
ecg-scroll,C9,NA,na_accepted,False,NA,codex;sonnet,NA,NA,NA,NA
ecg-scroll,C10,1,resolved,False,1,codex;sonnet,1,1,1,1
ecg-scroll,C11,0,established_zero,False,0,codex;sonnet,0,0,0,0
ecg-scroll,C12,1,resolved,False,1,codex;sonnet,1,1,1,1
ecg-scroll,C13,0,not_established,True,0,,0,1,0,1
ecg-scroll,C14,0,established_zero,False,0,codex;sonnet,0,0,0,0
ecg-scroll,A1,0,not_established,True,0,,1,0,1,0
ecg-scroll,A2,0,established_zero,False,0,codex;sonnet,0,0,0,0
ecg-scroll,A3,0,established_zero,False,0,codex;sonnet,0,0,0,0
ecg-scroll,A4,0,established_zero,False,0,codex;sonnet,0,0,0,0
ecg-scroll,A5,1,resolved,False,1,codex;sonnet,1,1,1,1
ecg-scroll,A6,1,resolved,False,1,codex;sonnet,1,1,1,1
ecg-scroll,A7,1,resolved,False,1,codex;sonnet,1,1,1,1
ecg-scroll,A8,1,resolved,False,1,codex;sonnet,1,1,1,1
ecg-scroll,A9,0,not_established,True,0,,0,1,0,1
ecg-scroll,A10,1,resolved,False,1,codex;sonnet,1,1,1,1
ecg-scroll,A11,1,resolved,False,1,codex;sonnet,1,1,1,1
ehr-chatqa,C1,1,resolved,False,1,codex;sonnet,1,1,1,1
ehr-chatqa,C2,1,resolved,False,1,codex;sonnet,1,1,1,1
ehr-chatqa,C3,0,not_established,True,0,,0,1,0,1
ehr-chatqa,C4,0,established_zero,False,0,codex;sonnet,0,0,0,0
ehr-chatqa,C5,1,resolved,False,1,codex;sonnet,1,1,1,1
ehr-chatqa,C6,0,not_established,True,0,,0,1,0,1
ehr-chatqa,C7,1,resolved,False,1,codex;sonnet,1,1,1,1
ehr-chatqa,C8,1,resolved,False,1,codex;sonnet,1,1,1,1
ehr-chatqa,C9,NA,na_accepted,False,NA,codex;sonnet,NA,NA,NA,NA
ehr-chatqa,C10,1,resolved,False,1,codex;sonnet,1,1,1,1
ehr-chatqa,C11,0,established_zero,False,0,codex;sonnet,0,0,0,0
ehr-chatqa,C12,0,not_established,True,2,,2,2,0,2
ehr-chatqa,C13,2,resolved,False,2,codex;sonnet,2,2,2,2
ehr-chatqa,C14,0,established_zero,False,0,codex;sonnet,0,0,0,0
ehr-chatqa,A1,2,resolved,False,2,codex;sonnet,2,2,2,2
ehr-chatqa,A2,0,established_zero,False,0,codex;sonnet,0,0,0,0
ehr-chatqa,A3,0,not_established,True,2,,2,2,0,2
ehr-chatqa,A4,1,resolved,False,1,codex;sonnet,1,1,1,1
ehr-chatqa,A5,1,resolved,False,1,codex;sonnet,1,1,1,1
ehr-chatqa,A6,0,established_zero,False,0,codex;sonnet,0,0,0,0
ehr-chatqa,A7,NA,na_accepted,False,NA,codex;sonnet,NA,NA,NA,NA
ehr-chatqa,A8,1,resolved,False,1,codex;sonnet,1,1,1,1
ehr-chatqa,A9,0,not_established,True,0,,0,1,0,1
ehr-chatqa,A10,1,resolved,False,1,codex;sonnet,1,1,1,1
ehr-chatqa,A11,1,resolved,False,1,codex;sonnet,1,1,1,1
ehr-complex,C1,2,resolved,False,2,codex;sonnet,2,2,2,2
ehr-complex,C2,1,resolved,False,1,codex;sonnet,2,1,2,1
ehr-complex,C3,1,resolved,False,1,codex;sonnet,1,1,1,1
ehr-complex,C4,0,established_zero,False,0,codex;sonnet,0,0,0,0
ehr-complex,C5,1,resolved,False,1,codex;sonnet,1,1,1,1
ehr-complex,C6,1,resolved,False,1,codex;sonnet,1,1,1,1
ehr-complex,C7,1,resolved,False,1,codex;sonnet,1,1,1,1
ehr-complex,C8,1,resolved,False,1,codex;sonnet,1,1,1,1
ehr-complex,C9,NA,na_accepted,False,NA,codex;sonnet,NA,NA,NA,NA
ehr-complex,C10,0,not_established,True,0,,1,0,0,0
ehr-complex,C11,0,established_zero,False,0,codex;sonnet,0,0,0,0
ehr-complex,C12,0,not_established,True,2,,2,2,0,2
ehr-complex,C13,2,resolved,False,2,codex;sonnet,2,2,2,2
ehr-complex,C14,0,established_zero,False,0,codex;sonnet,0,0,0,0
ehr-complex,A1,1,resolved,False,1,codex;sonnet,1,2,1,2
ehr-complex,A2,0,not_established,True,0,,1,0,1,0
ehr-complex,A3,2,resolved,False,2,codex;sonnet,2,2,2,2
ehr-complex,A4,1,resolved,False,1,codex;sonnet,1,1,1,1
ehr-complex,A5,1,resolved,False,1,codex;sonnet,1,1,1,1
ehr-complex,A6,0,not_established,True,0,,1,0,0,0
ehr-complex,A7,NA,na_accepted,False,NA,codex;sonnet,NA,NA,NA,NA
ehr-complex,A8,1,resolved,False,1,codex;sonnet,1,1,1,1
ehr-complex,A9,1,resolved,False,1,codex;sonnet,1,1,1,1
ehr-complex,A10,1,resolved,False,1,codex;sonnet,1,1,1,1
ehr-complex,A11,2,resolved,False,2,codex;sonnet,2,2,2,2
ehr-robustgym,C1,1,resolved,False,1,codex;sonnet,1,2,1,2
ehr-robustgym,C2,1,resolved,False,1,codex;sonnet,2,1,2,1
ehr-robustgym,C3,1,resolved,False,1,codex;sonnet,1,1,1,1
ehr-robustgym,C4,0,established_zero,False,0,codex;sonnet,0,0,0,0
ehr-robustgym,C5,1,resolved,False,1,codex;sonnet,1,1,1,1
ehr-robustgym,C6,1,resolved,False,1,codex;sonnet,2,1,2,1
ehr-robustgym,C7,1,resolved,False,1,codex;sonnet,1,1,1,1
ehr-robustgym,C8,1,resolved,False,1,codex;sonnet,1,1,1,1
ehr-robustgym,C9,NA,na_accepted,False,NA,codex;sonnet,NA,NA,NA,NA
ehr-robustgym,C10,1,resolved,False,1,codex;sonnet,1,1,1,1
ehr-robustgym,C11,0,established_zero,False,0,codex;sonnet,0,0,0,0
ehr-robustgym,C12,0,not_established,True,0,,2,0,2,0
ehr-robustgym,C13,1,resolved,False,1,codex;sonnet,1,1,1,1
ehr-robustgym,C14,0,established_zero,False,0,codex;sonnet,0,0,0,0
ehr-robustgym,A1,1,resolved,False,1,codex;sonnet,1,1,1,1
ehr-robustgym,A2,0,not_established,True,0,,1,0,1,0
ehr-robustgym,A3,2,resolved,False,2,codex;sonnet,2,2,2,2
ehr-robustgym,A4,0,not_established,True,1,,1,1,0,0
ehr-robustgym,A5,0,not_established,True,0,,0,1,0,1
ehr-robustgym,A6,0,established_zero,False,0,codex;sonnet,0,0,0,0
ehr-robustgym,A7,NA,na_accepted,False,NA,codex;sonnet,NA,NA,NA,NA
ehr-robustgym,A8,1,resolved,False,1,codex;sonnet,1,1,1,1
ehr-robustgym,A9,1,resolved,False,1,codex;sonnet,1,1,1,1
ehr-robustgym,A10,1,resolved,False,1,codex;sonnet,1,1,1,1
ehr-robustgym,A11,2,resolved,False,2,codex;sonnet,2,2,2,2
evimed,C1,1,resolved,False,1,codex;sonnet,1,1,1,1
evimed,C2,1,resolved,False,1,codex;sonnet,1,1,1,1
evimed,C3,1,resolved,False,1,codex;sonnet,1,1,1,1
evimed,C4,0,established_zero,False,0,codex;sonnet,0,0,0,0
evimed,C5,0,not_established,True,0,,1,0,1,0
evimed,C6,0,established_zero,False,0,codex;sonnet,0,0,0,0
evimed,C7,0,not_established,True,0,,0,1,0,1
evimed,C8,1,resolved,False,1,codex;sonnet,1,1,1,1
evimed,C9,NA,na_accepted,False,NA,codex;sonnet,NA,NA,NA,NA
evimed,C10,0,established_zero,False,0,codex;sonnet,0,0,0,0
evimed,C11,0,established_zero,False,0,codex;sonnet,0,0,0,0
evimed,C12,0,established_zero,False,0,codex;sonnet,0,0,0,0
evimed,C13,1,resolved,False,1,codex;sonnet,1,1,1,1
evimed,C14,0,established_zero,False,0,codex;sonnet,0,0,0,0
evimed,A1,1,resolved,False,1,codex;sonnet,1,1,1,1
evimed,A2,0,established_zero,False,0,codex;sonnet,0,0,0,0
evimed,A3,0,established_zero,False,0,codex;sonnet,0,0,0,0
evimed,A4,1,resolved,False,1,codex;sonnet,1,1,1,1
evimed,A5,0,not_established,True,1,,1,1,0,1
evimed,A6,1,resolved,False,1,codex;sonnet,1,1,1,1
evimed,A7,0,na_rejected_as_zero,True,0,,NA,1,NA,1
evimed,A8,1,resolved,False,1,codex;sonnet,1,1,1,1
evimed,A9,0,not_established,True,0,,1,0,1,0
evimed,A10,1,resolved,False,1,codex;sonnet,1,1,1,1
evimed,A11,0,not_established,True,1,,1,1,1,0
fhir-agentbench,C1,2,resolved,False,2,codex;sonnet,2,2,2,2
fhir-agentbench,C2,2,resolved,False,2,codex;sonnet,2,2,2,2
fhir-agentbench,C3,1,resolved,False,1,codex;sonnet,1,1,1,1
fhir-agentbench,C4,0,established_zero,False,0,codex;sonnet,0,0,0,0
fhir-agentbench,C5,0,established_zero,False,0,codex;sonnet,0,0,0,0
fhir-agentbench,C6,0,established_zero,False,0,codex;sonnet,0,0,0,0
fhir-agentbench,C7,1,resolved,False,1,codex;sonnet,1,1,1,1
fhir-agentbench,C8,1,resolved,False,1,codex;sonnet,1,1,1,1
fhir-agentbench,C9,NA,na_accepted,False,NA,codex;sonnet,NA,NA,NA,NA
fhir-agentbench,C10,1,resolved,False,1,codex;sonnet,1,1,1,1
fhir-agentbench,C11,0,established_zero,False,0,codex;sonnet,0,0,0,0
fhir-agentbench,C12,2,resolved,False,2,codex;sonnet,2,2,2,2
fhir-agentbench,C13,1,resolved,False,1,codex;sonnet,1,1,1,1
fhir-agentbench,C14,0,established_zero,False,0,codex;sonnet,0,0,0,0
fhir-agentbench,A1,0,established_zero,False,0,codex;sonnet,0,0,0,0
fhir-agentbench,A2,0,established_zero,False,0,codex;sonnet,0,0,0,0
fhir-agentbench,A3,0,established_zero,False,0,codex;sonnet,0,0,0,0
fhir-agentbench,A4,0,established_zero,False,0,codex;sonnet,0,0,0,0
fhir-agentbench,A5,1,resolved,False,1,codex;sonnet,1,1,1,1
fhir-agentbench,A6,0,established_zero,False,0,codex;sonnet,0,0,0,0
fhir-agentbench,A7,NA,na_accepted,False,NA,codex;sonnet,NA,NA,NA,NA
fhir-agentbench,A8,2,resolved,False,2,codex;sonnet,2,2,2,2
fhir-agentbench,A9,0,established_zero,False,0,codex;sonnet,0,0,0,0
fhir-agentbench,A10,1,resolved,False,1,codex;sonnet,1,1,1,1
fhir-agentbench,A11,2,resolved,False,2,codex;sonnet,2,2,2,2
fhir-agenteval,C1,0,established_zero,False,0,codex;sonnet,0,0,0,0
fhir-agenteval,C2,0,not_established,True,0,,1,0,1,0
fhir-agenteval,C3,0,established_zero,False,0,codex;sonnet,0,0,0,0
fhir-agenteval,C4,0,established_zero,False,0,codex;sonnet,0,0,0,0
fhir-agenteval,C5,1,resolved,False,1,codex;sonnet,1,1,1,1
fhir-agenteval,C6,0,not_established,True,0,,0,1,0,1
fhir-agenteval,C7,0,not_established,True,0,,0,1,0,1
fhir-agenteval,C8,1,resolved,False,1,codex;sonnet,1,1,1,1
fhir-agenteval,C9,0,not_established,True,0,,0,1,0,1
fhir-agenteval,C10,0,not_established,True,0,,1,0,1,0
fhir-agenteval,C11,0,established_zero,False,0,codex;sonnet,0,0,0,0
fhir-agenteval,C12,1,resolved,False,1,codex;sonnet,1,1,1,1
fhir-agenteval,C13,0,not_established,True,0,,0,1,0,1
fhir-agenteval,C14,1,resolved,False,1,codex;sonnet,1,1,1,1
fhir-agenteval,A1,0,not_established,True,1,,1,1,0,1
fhir-agenteval,A2,1,resolved,False,1,codex;sonnet,1,1,1,1
fhir-agenteval,A3,1,resolved,False,1,codex;sonnet,1,1,1,1
fhir-agenteval,A4,0,established_zero,False,0,codex;sonnet,0,0,0,0
fhir-agenteval,A5,1,resolved,False,1,codex;sonnet,1,1,1,1
fhir-agenteval,A6,0,established_zero,False,0,codex;sonnet,0,0,0,0
fhir-agenteval,A7,2,resolved,False,2,codex;sonnet,2,2,2,2
fhir-agenteval,A8,1,resolved,False,1,codex;sonnet,1,1,1,1
fhir-agenteval,A9,1,resolved,False,1,codex;sonnet,1,1,1,1
fhir-agenteval,A10,1,resolved,False,1,codex;sonnet,1,1,1,1
fhir-agenteval,A11,0,established_zero,False,0,codex;sonnet,0,0,0,0
gpagentbench-2k,C1,1,resolved,False,1,codex;sonnet,1,1,1,1
gpagentbench-2k,C2,1,resolved,False,1,codex;sonnet,2,1,2,1
gpagentbench-2k,C3,1,resolved,False,1,codex;sonnet,1,1,1,1
gpagentbench-2k,C4,1,resolved,False,1,codex;sonnet,1,1,1,1
gpagentbench-2k,C5,0,not_established,True,0,,1,0,1,0
gpagentbench-2k,C6,1,resolved,False,1,codex;sonnet,1,2,1,2
gpagentbench-2k,C7,0,not_established,True,0,,0,1,0,1
gpagentbench-2k,C8,1,resolved,False,1,codex;sonnet,1,1,1,1
gpagentbench-2k,C9,0,na_rejected_as_zero,True,0,,0,NA,0,NA
gpagentbench-2k,C10,1,resolved,False,1,codex;sonnet,1,1,1,1
gpagentbench-2k,C11,0,established_zero,False,0,codex;sonnet,0,0,0,0
gpagentbench-2k,C12,2,resolved,False,2,codex;sonnet,2,2,2,2
gpagentbench-2k,C13,0,not_established,True,0,,0,1,0,1
gpagentbench-2k,C14,1,resolved,False,1,codex;sonnet,1,1,1,1
gpagentbench-2k,A1,0,established_zero,False,0,codex;sonnet,0,0,0,0
gpagentbench-2k,A2,1,resolved,False,1,codex;sonnet,1,1,1,1
gpagentbench-2k,A3,0,established_zero,False,0,codex;sonnet,0,0,0,0
gpagentbench-2k,A4,0,not_established,True,1,,1,1,0,0
gpagentbench-2k,A5,1,resolved,False,1,codex;sonnet,1,2,1,2
gpagentbench-2k,A6,0,not_established,True,0,,0,1,0,1
gpagentbench-2k,A7,2,resolved,False,2,codex;sonnet,2,2,2,2
gpagentbench-2k,A8,1,resolved,False,1,codex;sonnet,1,1,1,1
gpagentbench-2k,A9,1,resolved,False,1,codex;sonnet,1,1,1,1
gpagentbench-2k,A10,1,resolved,False,1,codex;sonnet,1,1,1,1
gpagentbench-2k,A11,2,resolved,False,2,codex;sonnet,2,2,2,2
h-adminsim,C1,1,resolved,False,1,codex;sonnet,1,1,1,1
h-adminsim,C2,1,resolved,False,1,codex;sonnet,1,2,1,2
h-adminsim,C3,1,resolved,False,1,codex;sonnet,1,1,1,1
h-adminsim,C4,0,established_zero,False,0,codex;sonnet,0,0,0,0
h-adminsim,C5,0,established_zero,False,0,codex;sonnet,0,0,0,0
h-adminsim,C6,0,established_zero,False,0,codex;sonnet,0,0,0,0
h-adminsim,C7,0,not_established,True,0,,0,1,0,0
h-adminsim,C8,0,not_established,True,0,,0,1,0,1
h-adminsim,C9,0,established_zero,False,0,codex;sonnet,0,0,0,0
h-adminsim,C10,0,not_established,True,0,,1,0,1,0
h-adminsim,C11,0,established_zero,False,0,codex;sonnet,0,0,0,0
h-adminsim,C12,0,established_zero,False,0,codex;sonnet,0,0,0,0
h-adminsim,C13,0,not_established,True,1,,1,1,0,0
h-adminsim,C14,0,not_established,True,1,,1,1,0,1
h-adminsim,A1,1,resolved,False,1,codex;sonnet,1,1,1,1
h-adminsim,A2,0,established_zero,False,0,codex;sonnet,0,0,0,0
h-adminsim,A3,0,established_zero,False,0,codex;sonnet,0,0,0,0
h-adminsim,A4,1,resolved,False,1,codex;sonnet,1,1,1,1
h-adminsim,A5,1,resolved,False,1,codex;sonnet,1,1,1,1
h-adminsim,A6,1,resolved,False,1,codex;sonnet,1,1,1,1
h-adminsim,A7,1,resolved,False,1,codex;sonnet,1,2,1,2
h-adminsim,A8,1,resolved,False,1,codex;sonnet,1,1,1,1
h-adminsim,A9,0,established_zero,False,0,codex;sonnet,0,0,0,0
h-adminsim,A10,1,resolved,False,1,codex;sonnet,1,1,1,1
h-adminsim,A11,1,resolved,False,1,codex;sonnet,1,1,1,1
healthagentbench,C1,1,resolved,False,1,codex;sonnet,2,1,2,1
healthagentbench,C2,1,resolved,False,1,codex;sonnet,1,1,1,1
healthagentbench,C3,1,resolved,False,1,codex;sonnet,1,1,1,1
healthagentbench,C4,0,established_zero,False,0,codex;sonnet,0,0,0,0
healthagentbench,C5,1,resolved,False,1,codex;sonnet,1,1,1,1
healthagentbench,C6,2,resolved,False,2,codex;sonnet,2,2,2,2
healthagentbench,C7,1,resolved,False,1,codex;sonnet,1,1,1,1
healthagentbench,C8,0,not_established,True,1,,1,1,0,1
healthagentbench,C9,1,resolved,False,1,codex;sonnet,1,1,1,1
healthagentbench,C10,1,resolved,False,1,codex;sonnet,2,1,2,1
healthagentbench,C11,0,established_zero,False,0,codex;sonnet,0,0,0,0
healthagentbench,C12,1,resolved,False,1,codex;sonnet,1,1,1,1
healthagentbench,C13,0,not_established,True,0,,0,1,0,1
healthagentbench,C14,2,resolved,False,2,codex;sonnet,2,2,2,2
healthagentbench,A1,2,resolved,False,2,codex;sonnet,2,2,2,2
healthagentbench,A2,1,resolved,False,1,codex;sonnet,1,1,1,1
healthagentbench,A3,1,resolved,False,1,codex;sonnet,1,1,1,1
healthagentbench,A4,1,resolved,False,1,codex;sonnet,1,1,1,1
healthagentbench,A5,NA,na_accepted,False,NA,codex;sonnet,NA,NA,NA,NA
healthagentbench,A6,NA,na_accepted,False,NA,codex;sonnet,NA,NA,NA,NA
healthagentbench,A7,1,resolved,False,1,codex;sonnet,2,1,2,1
healthagentbench,A8,1,resolved,False,1,codex;sonnet,1,1,1,1
healthagentbench,A9,1,resolved,False,1,codex;sonnet,1,1,1,1
healthagentbench,A10,1,resolved,False,1,codex;sonnet,1,1,1,1
healthagentbench,A11,2,resolved,False,2,codex;sonnet,2,2,2,2
healthcare-ai-gym,C1,1,resolved,False,1,codex;sonnet,1,1,1,1
healthcare-ai-gym,C2,1,resolved,False,1,codex;sonnet,1,1,1,1
healthcare-ai-gym,C3,1,resolved,False,1,codex;sonnet,1,1,1,1
healthcare-ai-gym,C4,0,not_established,True,0,,0,1,0,1
healthcare-ai-gym,C5,2,resolved,False,2,codex;sonnet,2,2,2,2
healthcare-ai-gym,C6,0,established_zero,False,0,codex;sonnet,0,0,0,0
healthcare-ai-gym,C7,1,resolved,False,1,codex;sonnet,1,1,1,1
healthcare-ai-gym,C8,0,not_established,True,0,,1,0,1,0
healthcare-ai-gym,C9,0,established_zero,False,0,codex;sonnet,0,0,0,0
healthcare-ai-gym,C10,0,not_established,True,0,,1,0,1,0
healthcare-ai-gym,C11,0,established_zero,False,0,codex;sonnet,0,0,0,0
healthcare-ai-gym,C12,0,established_zero,False,0,codex;sonnet,0,0,0,0
healthcare-ai-gym,C13,0,not_established,True,1,,1,1,0,0
healthcare-ai-gym,C14,1,resolved,False,1,codex;sonnet,1,1,1,1
healthcare-ai-gym,A1,0,established_zero,False,0,codex;sonnet,0,0,0,0
healthcare-ai-gym,A2,0,established_zero,False,0,codex;sonnet,0,0,0,0
healthcare-ai-gym,A3,0,established_zero,False,0,codex;sonnet,0,0,0,0
healthcare-ai-gym,A4,0,not_established,True,1,,1,1,0,1
healthcare-ai-gym,A5,2,resolved,False,2,codex;sonnet,2,2,2,2
healthcare-ai-gym,A6,0,not_established,True,1,,1,1,0,1
healthcare-ai-gym,A7,1,resolved,False,1,codex;sonnet,2,1,2,1
healthcare-ai-gym,A8,1,resolved,False,1,codex;sonnet,1,1,1,1
healthcare-ai-gym,A9,1,resolved,False,1,codex;sonnet,1,1,1,1
healthcare-ai-gym,A10,1,resolved,False,1,codex;sonnet,1,1,1,1
healthcare-ai-gym,A11,1,resolved,False,1,codex;sonnet,1,1,1,1
klinikebench,C1,1,resolved,False,1,codex;sonnet,1,1,1,1
klinikebench,C2,1,resolved,False,1,codex;sonnet,1,1,1,1
klinikebench,C3,1,resolved,False,1,codex;sonnet,1,1,1,1
klinikebench,C4,0,established_zero,False,0,codex;sonnet,0,0,0,0
klinikebench,C5,1,resolved,False,1,codex;sonnet,1,1,1,1
klinikebench,C6,1,resolved,False,1,codex;sonnet,2,1,2,1
klinikebench,C7,1,resolved,False,1,codex;sonnet,1,1,1,1
klinikebench,C8,1,resolved,False,1,codex;sonnet,1,1,1,1
klinikebench,C9,0,established_zero,False,0,codex;sonnet,0,0,0,0
klinikebench,C10,1,resolved,False,1,codex;sonnet,1,1,1,1
klinikebench,C11,0,established_zero,False,0,codex;sonnet,0,0,0,0
klinikebench,C12,1,resolved,False,1,codex;sonnet,1,1,1,1
klinikebench,C13,1,resolved,False,1,codex;sonnet,1,1,1,1
klinikebench,C14,0,not_established,True,1,,1,1,0,1
klinikebench,A1,1,resolved,False,1,codex;sonnet,1,1,1,1
klinikebench,A2,1,resolved,False,1,codex;sonnet,1,1,1,1
klinikebench,A3,1,resolved,False,1,codex;sonnet,1,1,1,1
klinikebench,A4,1,resolved,False,1,codex;sonnet,1,1,1,1
klinikebench,A5,2,resolved,False,2,codex;sonnet,2,2,2,2
klinikebench,A6,1,resolved,False,1,codex;sonnet,1,1,1,1
klinikebench,A7,1,resolved,False,1,codex;sonnet,2,1,2,1
klinikebench,A8,1,resolved,False,1,codex;sonnet,1,1,1,1
klinikebench,A9,1,resolved,False,1,codex;sonnet,1,1,1,1
klinikebench,A10,0,not_established,True,0,,1,0,1,0
klinikebench,A11,1,resolved,False,1,codex;sonnet,1,1,1,1
med-inquire,C1,1,resolved,False,1,codex;sonnet,1,1,1,1
med-inquire,C2,1,resolved,False,1,codex;sonnet,1,1,1,1
med-inquire,C3,0,established_zero,False,0,codex;sonnet,0,0,0,0
med-inquire,C4,0,established_zero,False,0,codex;sonnet,0,0,0,0
med-inquire,C5,0,established_zero,False,0,codex;sonnet,0,0,0,0
med-inquire,C6,1,resolved,False,1,codex;sonnet,1,2,1,2
med-inquire,C7,0,not_established,True,0,,0,1,0,1
med-inquire,C8,0,established_zero,False,0,codex;sonnet,0,0,0,0
med-inquire,C9,NA,na_accepted,False,NA,codex;sonnet,NA,NA,NA,NA
med-inquire,C10,0,established_zero,False,0,codex;sonnet,0,0,0,0
med-inquire,C11,0,established_zero,False,0,codex;sonnet,0,0,0,0
med-inquire,C12,0,established_zero,False,0,codex;sonnet,0,0,0,0
med-inquire,C13,1,resolved,False,1,codex;sonnet,1,1,1,1
med-inquire,C14,1,resolved,False,1,codex;sonnet,1,1,1,1
med-inquire,A1,0,not_established,True,1,,1,1,0,1
med-inquire,A2,1,resolved,False,1,codex;sonnet,1,1,1,1
med-inquire,A3,0,established_zero,False,0,codex;sonnet,0,0,0,0
med-inquire,A4,0,established_zero,False,0,codex;sonnet,0,0,0,0
med-inquire,A5,1,resolved,False,1,codex;sonnet,1,1,1,1
med-inquire,A6,0,not_established,True,1,,1,1,0,1
med-inquire,A7,1,resolved,False,1,codex;sonnet,1,2,1,2
med-inquire,A8,1,resolved,False,1,codex;sonnet,1,1,1,1
med-inquire,A9,1,resolved,False,1,codex;sonnet,1,1,1,1
med-inquire,A10,0,established_zero,False,0,codex;sonnet,0,0,0,0
med-inquire,A11,1,resolved,False,1,codex;sonnet,1,1,1,1
medagentbench-v1,C1,1,resolved,False,1,codex;sonnet,1,1,1,1
medagentbench-v1,C2,1,resolved,False,1,codex;sonnet,1,1,1,1
medagentbench-v1,C3,1,resolved,False,1,codex;sonnet,1,1,1,1
medagentbench-v1,C4,0,established_zero,False,0,codex;sonnet,0,0,0,0
medagentbench-v1,C5,0,established_zero,False,0,codex;sonnet,0,0,0,0
medagentbench-v1,C6,0,established_zero,False,0,codex;sonnet,0,0,0,0
medagentbench-v1,C7,1,resolved,False,1,codex;sonnet,1,1,1,1
medagentbench-v1,C8,0,not_established,True,0,,1,0,1,0
medagentbench-v1,C9,0,established_zero,False,0,codex;sonnet,0,0,0,0
medagentbench-v1,C10,0,not_established,True,0,,1,0,1,0
medagentbench-v1,C11,0,established_zero,False,0,codex;sonnet,0,0,0,0
medagentbench-v1,C12,0,established_zero,False,0,codex;sonnet,0,0,0,0
medagentbench-v1,C13,1,resolved,False,1,codex;sonnet,1,2,1,2
medagentbench-v1,C14,0,established_zero,False,0,codex;sonnet,0,0,0,0
medagentbench-v1,A1,1,resolved,False,1,codex;sonnet,1,1,1,1
medagentbench-v1,A2,0,established_zero,False,0,codex;sonnet,0,0,0,0
medagentbench-v1,A3,0,established_zero,False,0,codex;sonnet,0,0,0,0
medagentbench-v1,A4,1,resolved,False,1,codex;sonnet,1,1,1,1
medagentbench-v1,A5,1,resolved,False,1,codex;sonnet,2,1,2,1
medagentbench-v1,A6,1,resolved,False,1,codex;sonnet,1,1,1,1
medagentbench-v1,A7,1,resolved,False,1,codex;sonnet,2,1,2,1
medagentbench-v1,A8,1,resolved,False,1,codex;sonnet,1,1,1,1
medagentbench-v1,A9,0,established_zero,False,0,codex;sonnet,0,0,0,0
medagentbench-v1,A10,1,resolved,False,1,codex;sonnet,1,1,1,1
medagentbench-v1,A11,1,resolved,False,1,codex;sonnet,1,1,1,1
medagentbench-v2,C1,1,resolved,False,1,codex;sonnet,1,1,1,1
medagentbench-v2,C2,0,not_established,True,0,,0,1,0,1
medagentbench-v2,C3,0,not_established,True,0,,1,0,1,0
medagentbench-v2,C4,0,not_established,True,0,,1,0,1,0
medagentbench-v2,C5,1,resolved,False,1,codex;sonnet,1,1,1,1
medagentbench-v2,C6,0,established_zero,False,0,codex;sonnet,0,0,0,0
medagentbench-v2,C7,0,established_zero,False,0,codex;sonnet,0,0,0,0
medagentbench-v2,C8,1,resolved,False,1,codex;sonnet,1,1,1,1
medagentbench-v2,C9,1,resolved,False,1,codex;sonnet,1,1,1,1
medagentbench-v2,C10,0,not_established,True,0,,1,0,1,0
medagentbench-v2,C11,0,established_zero,False,0,codex;sonnet,0,0,0,0
medagentbench-v2,C12,0,not_established,True,0,,0,1,0,1
medagentbench-v2,C13,0,established_zero,False,0,codex;sonnet,0,0,0,0
medagentbench-v2,C14,1,resolved,False,1,codex;sonnet,1,1,1,1
medagentbench-v2,A1,0,not_established,True,0,,1,0,0,0
medagentbench-v2,A2,0,established_zero,False,0,codex;sonnet,0,0,0,0
medagentbench-v2,A3,0,established_zero,False,0,codex;sonnet,0,0,0,0
medagentbench-v2,A4,0,established_zero,False,0,codex;sonnet,0,0,0,0
medagentbench-v2,A5,1,resolved,False,1,codex;sonnet,1,1,1,1
medagentbench-v2,A6,0,established_zero,False,0,codex;sonnet,0,0,0,0
medagentbench-v2,A7,1,resolved,False,1,codex;sonnet,1,1,1,1
medagentbench-v2,A8,1,resolved,False,1,codex;sonnet,1,1,1,1
medagentbench-v2,A9,1,resolved,False,1,codex;sonnet,1,1,1,1
medagentbench-v2,A10,1,resolved,False,1,codex;sonnet,1,1,1,1
medagentbench-v2,A11,0,established_zero,False,0,codex;sonnet,0,0,0,0
medagentsim,C1,1,resolved,False,1,codex;sonnet,1,1,1,1
medagentsim,C2,1,resolved,False,1,codex;sonnet,1,1,1,1
medagentsim,C3,0,not_established,True,0,,1,0,1,0
medagentsim,C4,1,resolved,False,1,codex;sonnet,1,1,1,1
medagentsim,C5,0,established_zero,False,0,codex;sonnet,0,0,0,0
medagentsim,C6,1,resolved,False,1,codex;sonnet,1,1,1,1
medagentsim,C7,0,established_zero,False,0,codex;sonnet,0,0,0,0
medagentsim,C8,0,not_established,True,0,,1,0,1,0
medagentsim,C9,0,na_rejected_as_zero,True,0,,0,NA,0,NA
medagentsim,C10,0,established_zero,False,0,codex;sonnet,0,0,0,0
medagentsim,C11,0,established_zero,False,0,codex;sonnet,0,0,0,0
medagentsim,C12,1,resolved,False,1,codex;sonnet,1,1,1,1
medagentsim,C13,0,not_established,True,0,,0,1,0,0
medagentsim,C14,0,established_zero,False,0,codex;sonnet,0,0,0,0
medagentsim,A1,0,established_zero,False,0,codex;sonnet,0,0,0,0
medagentsim,A2,0,established_zero,False,0,codex;sonnet,0,0,0,0
medagentsim,A3,0,established_zero,False,0,codex;sonnet,0,0,0,0
medagentsim,A4,0,established_zero,False,0,codex;sonnet,0,0,0,0
medagentsim,A5,0,not_established,True,1,,1,1,0,1
medagentsim,A6,0,not_established,True,0,,0,1,0,1
medagentsim,A7,1,resolved,False,1,codex;sonnet,1,1,1,1
medagentsim,A8,1,resolved,False,1,codex;sonnet,1,1,1,1
medagentsim,A9,0,established_zero,False,0,codex;sonnet,0,0,0,0
medagentsim,A10,1,resolved,False,1,codex;sonnet,2,1,2,1
medagentsim,A11,1,resolved,False,1,codex;sonnet,1,1,1,1
medcta,C1,1,resolved,False,1,codex;sonnet,1,1,1,1
medcta,C2,2,resolved,False,2,codex;sonnet,2,2,2,2
medcta,C3,1,resolved,False,1,codex;sonnet,1,1,1,1
medcta,C4,0,established_zero,False,0,codex;sonnet,0,0,0,0
medcta,C5,1,resolved,False,1,codex;sonnet,1,1,1,1
medcta,C6,1,resolved,False,1,codex;sonnet,2,1,2,1
medcta,C7,1,resolved,False,1,codex;sonnet,1,1,1,1
medcta,C8,1,resolved,False,1,codex;sonnet,1,1,1,1
medcta,C9,NA,na_accepted,False,NA,codex;sonnet,NA,NA,NA,NA
medcta,C10,1,resolved,False,1,codex;sonnet,1,1,1,1
medcta,C11,0,established_zero,False,0,codex;sonnet,0,0,0,0
medcta,C12,2,resolved,False,2,codex;sonnet,2,2,2,2
medcta,C13,1,resolved,False,1,codex;sonnet,1,1,1,1
medcta,C14,0,not_established,True,1,,1,1,0,1
medcta,A1,0,not_established,True,0,,0,1,0,1
medcta,A2,1,resolved,False,1,codex;sonnet,1,1,1,1
medcta,A3,0,established_zero,False,0,codex;sonnet,0,0,0,0
medcta,A4,0,established_zero,False,0,codex;sonnet,0,0,0,0
medcta,A5,1,resolved,False,1,codex;sonnet,1,1,1,1
medcta,A6,1,resolved,False,1,codex;sonnet,1,1,1,1
medcta,A7,NA,na_accepted,False,NA,codex;sonnet,NA,NA,NA,NA
medcta,A8,1,resolved,False,1,codex;sonnet,1,1,1,1
medcta,A9,1,resolved,False,1,codex;sonnet,1,1,1,1
medcta,A10,1,resolved,False,1,codex;sonnet,1,1,1,1
medcta,A11,0,not_established,True,1,,2,1,0,1
medcua-bench,C1,1,resolved,False,1,codex;sonnet,1,1,1,1
medcua-bench,C2,2,resolved,False,2,codex;sonnet,2,2,2,2
medcua-bench,C3,1,resolved,False,1,codex;sonnet,1,1,1,1
medcua-bench,C4,1,resolved,False,1,codex;sonnet,1,1,1,1
medcua-bench,C5,0,established_zero,False,0,codex;sonnet,0,0,0,0
medcua-bench,C6,1,resolved,False,1,codex;sonnet,1,1,1,1
medcua-bench,C7,1,resolved,False,1,codex;sonnet,1,1,1,1
medcua-bench,C8,1,resolved,False,1,codex;sonnet,1,1,1,1
medcua-bench,C9,0,not_established,True,1,,1,1,0,1
medcua-bench,C10,1,resolved,False,1,codex;sonnet,1,1,1,1
medcua-bench,C11,0,not_established,True,0,,0,1,0,1
medcua-bench,C12,0,established_zero,False,0,codex;sonnet,0,0,0,0
medcua-bench,C13,0,not_established,True,0,,0,1,0,1
medcua-bench,C14,0,not_established,True,1,,1,1,0,1
medcua-bench,A1,1,resolved,False,1,codex;sonnet,1,1,1,1
medcua-bench,A2,0,not_established,True,0,,1,0,0,0
medcua-bench,A3,0,established_zero,False,0,codex;sonnet,0,0,0,0
medcua-bench,A4,1,resolved,False,1,codex;sonnet,1,1,1,1
medcua-bench,A5,1,resolved,False,1,codex;sonnet,1,1,1,1
medcua-bench,A6,0,not_established,True,0,,0,1,0,1
medcua-bench,A7,1,resolved,False,1,codex;sonnet,2,1,2,1
medcua-bench,A8,1,resolved,False,1,codex;sonnet,1,1,1,1
medcua-bench,A9,0,not_established,True,0,,0,1,0,1
medcua-bench,A10,1,resolved,False,1,codex;sonnet,1,1,1,1
medcua-bench,A11,1,resolved,False,1,codex;sonnet,1,1,1,1
medevoeval,C1,1,resolved,False,1,codex;sonnet,1,1,1,1
medevoeval,C2,1,resolved,False,1,codex;sonnet,1,1,1,1
medevoeval,C3,0,not_established,True,0,,1,0,1,0
medevoeval,C4,1,resolved,False,1,codex;sonnet,1,1,1,1
medevoeval,C5,1,resolved,False,1,codex;sonnet,1,1,1,1
medevoeval,C6,1,resolved,False,1,codex;sonnet,1,2,1,2
medevoeval,C7,1,resolved,False,1,codex;sonnet,1,1,1,1
medevoeval,C8,0,not_established,True,0,,1,0,1,0
medevoeval,C9,NA,na_accepted,False,NA,codex;sonnet,NA,NA,NA,NA
medevoeval,C10,0,not_established,True,0,,1,0,0,0
medevoeval,C11,0,established_zero,False,0,codex;sonnet,0,0,0,0
medevoeval,C12,2,resolved,False,2,codex;sonnet,2,2,2,2
medevoeval,C13,1,resolved,False,1,codex;sonnet,1,1,1,1
medevoeval,C14,0,not_established,True,2,,2,2,0,2
medevoeval,A1,1,resolved,False,1,codex;sonnet,1,1,1,1
medevoeval,A2,1,resolved,False,1,codex;sonnet,1,1,1,1
medevoeval,A3,0,established_zero,False,0,codex;sonnet,0,0,0,0
medevoeval,A4,0,established_zero,False,0,codex;sonnet,0,0,0,0
medevoeval,A5,1,resolved,False,1,codex;sonnet,1,1,1,1
medevoeval,A6,1,resolved,False,1,codex;sonnet,1,1,1,1
medevoeval,A7,1,resolved,False,1,codex;sonnet,1,1,1,1
medevoeval,A8,1,resolved,False,1,codex;sonnet,1,1,1,1
medevoeval,A9,1,resolved,False,1,codex;sonnet,1,1,1,1
medevoeval,A10,0,not_established,True,1,,1,1,0,1
medevoeval,A11,1,resolved,False,1,codex;sonnet,1,1,1,1
medflowbench,C1,1,resolved,False,1,codex;sonnet,1,1,1,1
medflowbench,C2,0,not_established,True,1,,1,1,0,1
medflowbench,C3,0,not_established,True,0,,0,1,0,1
medflowbench,C4,0,established_zero,False,0,codex;sonnet,0,0,0,0
medflowbench,C5,1,resolved,False,1,codex;sonnet,1,1,1,1
medflowbench,C6,1,resolved,False,1,codex;sonnet,1,1,1,1
medflowbench,C7,0,established_zero,False,0,codex;sonnet,0,0,0,0
medflowbench,C8,0,not_established,True,0,,1,0,1,0
medflowbench,C9,0,established_zero,False,0,codex;sonnet,0,0,0,0
medflowbench,C10,1,resolved,False,1,codex;sonnet,1,1,1,1
medflowbench,C11,0,established_zero,False,0,codex;sonnet,0,0,0,0
medflowbench,C12,0,established_zero,False,0,codex;sonnet,0,0,0,0
medflowbench,C13,0,established_zero,False,0,codex;sonnet,0,0,0,0
medflowbench,C14,0,established_zero,False,0,codex;sonnet,0,0,0,0
medflowbench,A1,0,not_established,True,0,,1,0,1,0
medflowbench,A2,0,established_zero,False,0,codex;sonnet,0,0,0,0
medflowbench,A3,2,resolved,False,2,codex;sonnet,2,2,2,2
medflowbench,A4,0,not_established,True,0,,1,0,1,0
medflowbench,A5,1,resolved,False,1,codex;sonnet,1,1,1,1
medflowbench,A6,0,established_zero,False,0,codex;sonnet,0,0,0,0
medflowbench,A7,1,resolved,False,1,codex;sonnet,1,1,1,1
medflowbench,A8,1,resolved,False,1,codex;sonnet,1,1,1,1
medflowbench,A9,1,resolved,False,1,codex;sonnet,1,1,1,1
medflowbench,A10,1,resolved,False,1,codex;sonnet,1,1,1,1
medflowbench,A11,2,resolved,False,2,codex;sonnet,2,2,2,2
medimageedu,C1,1,resolved,False,1,codex;sonnet,1,1,1,1
medimageedu,C2,1,resolved,False,1,codex;sonnet,1,1,1,1
medimageedu,C3,1,resolved,False,1,codex;sonnet,1,1,1,1
medimageedu,C4,1,resolved,False,1,codex;sonnet,2,1,2,1
medimageedu,C5,0,established_zero,False,0,codex;sonnet,0,0,0,0
medimageedu,C6,0,established_zero,False,0,codex;sonnet,0,0,0,0
medimageedu,C7,0,established_zero,False,0,codex;sonnet,0,0,0,0
medimageedu,C8,0,not_established,True,0,,1,0,1,0
medimageedu,C9,NA,na_accepted,False,NA,codex;sonnet,NA,NA,NA,NA
medimageedu,C10,1,resolved,False,1,codex;sonnet,1,1,1,1
medimageedu,C11,0,established_zero,False,0,codex;sonnet,0,0,0,0
medimageedu,C12,2,resolved,False,2,codex;sonnet,2,2,2,2
medimageedu,C13,0,established_zero,False,0,codex;sonnet,0,0,0,0
medimageedu,C14,1,resolved,False,1,codex;sonnet,1,1,1,1
medimageedu,A1,0,established_zero,False,0,codex;sonnet,0,0,0,0
medimageedu,A2,0,established_zero,False,0,codex;sonnet,0,0,0,0
medimageedu,A3,0,established_zero,False,0,codex;sonnet,0,0,0,0
medimageedu,A4,0,established_zero,False,0,codex;sonnet,0,0,0,0
medimageedu,A5,1,resolved,False,1,codex;sonnet,1,1,1,1
medimageedu,A6,0,established_zero,False,0,codex;sonnet,0,0,0,0
medimageedu,A7,NA,na_accepted,False,NA,codex;sonnet,NA,NA,NA,NA
medimageedu,A8,1,resolved,False,1,codex;sonnet,1,1,1,1
medimageedu,A9,0,established_zero,False,0,codex;sonnet,0,0,0,0
medimageedu,A10,1,resolved,False,1,codex;sonnet,2,1,2,1
medimageedu,A11,1,resolved,False,1,codex;sonnet,1,1,1,1
medmcp-calc,C1,1,resolved,False,1,codex;sonnet,2,1,2,1
medmcp-calc,C2,1,resolved,False,1,codex;sonnet,1,1,1,1
medmcp-calc,C3,1,resolved,False,1,codex;sonnet,1,1,1,1
medmcp-calc,C4,0,established_zero,False,0,codex;sonnet,0,0,0,0
medmcp-calc,C5,0,established_zero,False,0,codex;sonnet,0,0,0,0
medmcp-calc,C6,0,established_zero,False,0,codex;sonnet,0,0,0,0
medmcp-calc,C7,1,resolved,False,1,codex;sonnet,1,1,1,1
medmcp-calc,C8,1,resolved,False,1,codex;sonnet,1,1,1,1
medmcp-calc,C9,NA,na_accepted,False,NA,codex;sonnet,NA,NA,NA,NA
medmcp-calc,C10,0,not_established,True,0,,1,0,1,0
medmcp-calc,C11,0,established_zero,False,0,codex;sonnet,0,0,0,0
medmcp-calc,C12,2,resolved,False,2,codex;sonnet,2,2,2,2
medmcp-calc,C13,0,established_zero,False,0,codex;sonnet,0,0,0,0
medmcp-calc,C14,0,not_established,True,0,,1,0,1,0
medmcp-calc,A1,0,not_established,True,0,,1,0,1,0
medmcp-calc,A2,0,established_zero,False,0,codex;sonnet,0,0,0,0
medmcp-calc,A3,0,established_zero,False,0,codex;sonnet,0,0,0,0
medmcp-calc,A4,0,not_established,True,0,,1,0,1,0
medmcp-calc,A5,1,resolved,False,1,codex;sonnet,1,1,1,1
medmcp-calc,A6,1,resolved,False,1,codex;sonnet,1,1,1,1
medmcp-calc,A7,NA,na_accepted,False,NA,codex;sonnet,NA,NA,NA,NA
medmcp-calc,A8,1,resolved,False,1,codex;sonnet,1,1,1,1
medmcp-calc,A9,0,established_zero,False,0,codex;sonnet,0,0,0,0
medmcp-calc,A10,1,resolved,False,1,codex;sonnet,1,1,1,1
medmcp-calc,A11,1,resolved,False,1,codex;sonnet,1,1,1,1
medsp1000,C1,1,resolved,False,1,codex;sonnet,2,1,2,1
medsp1000,C2,2,resolved,False,2,codex;sonnet,2,2,2,2
medsp1000,C3,1,resolved,False,1,codex;sonnet,1,1,1,1
medsp1000,C4,0,established_zero,False,0,codex;sonnet,0,0,0,0
medsp1000,C5,0,not_established,True,0,,1,0,1,0
medsp1000,C6,2,resolved,False,2,codex;sonnet,2,2,2,2
medsp1000,C7,1,resolved,False,1,codex;sonnet,1,1,1,1
medsp1000,C8,1,resolved,False,1,codex;sonnet,1,1,1,1
medsp1000,C9,0,not_established,True,0,,1,0,1,0
medsp1000,C10,0,not_established,True,0,,1,0,1,0
medsp1000,C11,0,established_zero,False,0,codex;sonnet,0,0,0,0
medsp1000,C12,2,resolved,False,2,codex;sonnet,2,2,2,2
medsp1000,C13,1,resolved,False,1,codex;sonnet,1,1,1,1
medsp1000,C14,2,resolved,False,2,codex;sonnet,2,2,2,2
medsp1000,A1,1,resolved,False,1,codex;sonnet,1,1,1,1
medsp1000,A2,1,resolved,False,1,codex;sonnet,1,1,1,1
medsp1000,A3,0,established_zero,False,0,codex;sonnet,0,0,0,0
medsp1000,A4,1,resolved,False,1,codex;sonnet,1,1,1,1
medsp1000,A5,0,not_established,True,1,,1,1,0,1
medsp1000,A6,0,not_established,True,1,,1,1,0,1
medsp1000,A7,1,resolved,False,1,codex;sonnet,2,1,2,1
medsp1000,A8,1,resolved,False,1,codex;sonnet,1,1,1,1
medsp1000,A9,1,resolved,False,1,codex;sonnet,1,1,1,1
medsp1000,A10,1,resolved,False,1,codex;sonnet,1,1,1,1
medsp1000,A11,1,resolved,False,1,codex;sonnet,2,1,2,1
mentalhospital,C1,1,resolved,False,1,codex;sonnet,1,1,1,1
mentalhospital,C2,2,resolved,False,2,codex;sonnet,2,2,2,2
mentalhospital,C3,1,resolved,False,1,codex;sonnet,1,1,1,1
mentalhospital,C4,0,established_zero,False,0,codex;sonnet,0,0,0,0
mentalhospital,C5,1,resolved,False,1,codex;sonnet,1,1,1,1
mentalhospital,C6,1,resolved,False,1,codex;sonnet,1,2,1,2
mentalhospital,C7,0,not_established,True,0,,0,1,0,1
mentalhospital,C8,1,resolved,False,1,codex;sonnet,1,1,1,1
mentalhospital,C9,0,na_rejected_as_zero,True,0,,0,NA,0,NA
mentalhospital,C10,1,resolved,False,1,codex;sonnet,1,1,1,1
mentalhospital,C11,0,established_zero,False,0,codex;sonnet,0,0,0,0
mentalhospital,C12,2,resolved,False,2,codex;sonnet,2,2,2,2
mentalhospital,C13,1,resolved,False,1,codex;sonnet,1,1,1,1
mentalhospital,C14,1,resolved,False,1,codex;sonnet,1,1,1,1
mentalhospital,A1,0,not_established,True,0,,1,0,1,0
mentalhospital,A2,1,resolved,False,1,codex;sonnet,1,1,1,1
mentalhospital,A3,0,established_zero,False,0,codex;sonnet,0,0,0,0
mentalhospital,A4,0,established_zero,False,0,codex;sonnet,0,0,0,0
mentalhospital,A5,1,resolved,False,1,codex;sonnet,1,1,1,1
mentalhospital,A6,0,not_established,True,0,,0,1,0,1
mentalhospital,A7,1,resolved,False,1,codex;sonnet,1,2,1,2
mentalhospital,A8,1,resolved,False,1,codex;sonnet,1,2,1,2
mentalhospital,A9,1,resolved,False,1,codex;sonnet,1,1,1,1
mentalhospital,A10,0,not_established,True,1,,1,1,0,1
mentalhospital,A11,2,resolved,False,2,codex;sonnet,2,2,2,2
mtbbench,C1,1,resolved,False,1,codex;sonnet,1,1,1,1
mtbbench,C2,1,resolved,False,1,codex;sonnet,1,1,1,1
mtbbench,C3,1,resolved,False,1,codex;sonnet,1,1,1,1
mtbbench,C4,0,established_zero,False,0,codex;sonnet,0,0,0,0
mtbbench,C5,0,established_zero,False,0,codex;sonnet,0,0,0,0
mtbbench,C6,0,established_zero,False,0,codex;sonnet,0,0,0,0
mtbbench,C7,0,not_established,True,0,,0,1,0,1
mtbbench,C8,1,resolved,False,1,codex;sonnet,1,1,1,1
mtbbench,C9,NA,na_accepted,False,NA,codex;sonnet,NA,NA,NA,NA
mtbbench,C10,1,resolved,False,1,codex;sonnet,1,1,1,1
mtbbench,C11,0,established_zero,False,0,codex;sonnet,0,0,0,0
mtbbench,C12,0,established_zero,False,0,codex;sonnet,0,0,0,0
mtbbench,C13,0,not_established,True,1,,1,1,0,0
mtbbench,C14,1,resolved,False,1,codex;sonnet,2,1,2,1
mtbbench,A1,0,established_zero,False,0,codex;sonnet,0,0,0,0
mtbbench,A2,1,resolved,False,1,codex;sonnet,1,1,1,1
mtbbench,A3,0,established_zero,False,0,codex;sonnet,0,0,0,0
mtbbench,A4,1,resolved,False,1,codex;sonnet,1,1,1,1
mtbbench,A5,1,resolved,False,1,codex;sonnet,1,1,1,1
mtbbench,A6,0,not_established,True,0,,0,1,0,1
mtbbench,A7,NA,na_accepted,False,NA,codex;sonnet,NA,NA,NA,NA
mtbbench,A8,1,resolved,False,1,codex;sonnet,1,1,1,1
mtbbench,A9,0,established_zero,False,0,codex;sonnet,0,0,0,0
mtbbench,A10,1,resolved,False,1,codex;sonnet,1,1,1,1
mtbbench,A11,1,resolved,False,1,codex;sonnet,1,1,1,1
openhospital,C1,1,resolved,False,1,codex;sonnet,1,1,1,1
openhospital,C2,1,resolved,False,1,codex;sonnet,1,2,1,2
openhospital,C3,1,resolved,False,1,codex;sonnet,1,1,1,1
openhospital,C4,0,not_established,True,0,,1,0,1,0
openhospital,C5,0,not_established,True,0,,0,1,0,1
openhospital,C6,1,resolved,False,1,codex;sonnet,1,1,1,1
openhospital,C7,0,not_established,True,0,,0,1,0,1
openhospital,C8,0,not_established,True,0,,1,0,1,0
openhospital,C9,0,not_established,True,0,,0,1,0,1
openhospital,C10,1,resolved,False,1,codex;sonnet,1,1,1,1
openhospital,C11,0,established_zero,False,0,codex;sonnet,0,0,0,0
openhospital,C12,0,established_zero,False,0,codex;sonnet,0,0,0,0
openhospital,C13,0,established_zero,False,0,codex;sonnet,0,0,0,0
openhospital,C14,1,resolved,False,1,codex;sonnet,1,1,1,1
openhospital,A1,0,established_zero,False,0,codex;sonnet,0,0,0,0
openhospital,A2,0,established_zero,False,0,codex;sonnet,0,0,0,0
openhospital,A3,0,established_zero,False,0,codex;sonnet,0,0,0,0
openhospital,A4,1,resolved,False,1,codex;sonnet,1,1,1,1
openhospital,A5,0,not_established,True,0,,1,0,0,0
openhospital,A6,0,not_established,True,0,,0,1,0,1
openhospital,A7,1,resolved,False,1,codex;sonnet,1,2,1,2
openhospital,A8,1,resolved,False,1,codex;sonnet,1,1,1,1
openhospital,A9,1,resolved,False,1,codex;sonnet,1,1,1,1
openhospital,A10,0,not_established,True,0,,1,0,1,0
openhospital,A11,1,resolved,False,1,codex;sonnet,1,1,1,1
patientagentbench,C1,0,not_established,True,0,,0,1,0,1
patientagentbench,C2,2,resolved,False,2,codex;sonnet,2,2,2,2
patientagentbench,C3,1,resolved,False,1,codex;sonnet,1,1,1,1
patientagentbench,C4,2,resolved,False,2,codex;sonnet,2,2,2,2
patientagentbench,C5,1,resolved,False,1,codex;sonnet,1,1,1,1
patientagentbench,C6,2,resolved,False,2,codex;sonnet,2,2,2,2
patientagentbench,C7,0,not_established,True,0,,0,1,0,1
patientagentbench,C8,0,established_zero,False,0,codex;sonnet,0,0,0,0
patientagentbench,C9,0,not_established,True,0,,0,1,0,1
patientagentbench,C10,1,resolved,False,1,codex;sonnet,1,1,1,1
patientagentbench,C11,0,established_zero,False,0,codex;sonnet,0,0,0,0
patientagentbench,C12,2,resolved,False,2,codex;sonnet,2,2,2,2
patientagentbench,C13,1,resolved,False,1,codex;sonnet,1,1,1,1
patientagentbench,C14,2,resolved,False,2,codex;sonnet,2,2,2,2
patientagentbench,A1,1,resolved,False,1,codex;sonnet,1,1,1,1
patientagentbench,A2,1,resolved,False,1,codex;sonnet,1,1,1,1
patientagentbench,A3,0,established_zero,False,0,codex;sonnet,0,0,0,0
patientagentbench,A4,0,established_zero,False,0,codex;sonnet,0,0,0,0
patientagentbench,A5,2,resolved,False,2,codex;sonnet,2,2,2,2
patientagentbench,A6,1,resolved,False,1,codex;sonnet,1,1,1,1
patientagentbench,A7,2,resolved,False,2,codex;sonnet,2,2,2,2
patientagentbench,A8,1,resolved,False,1,codex;sonnet,1,2,1,2
patientagentbench,A9,1,resolved,False,1,codex;sonnet,1,1,1,1
patientagentbench,A10,2,resolved,False,2,codex;sonnet,2,2,2,2
patientagentbench,A11,0,not_established,True,1,,1,1,0,1
physassistbench,C1,0,not_established,True,2,,2,2,0,2
physassistbench,C2,1,resolved,False,1,codex;sonnet,1,1,1,1
physassistbench,C3,1,resolved,False,1,codex;sonnet,1,1,1,1
physassistbench,C4,1,resolved,False,1,codex;sonnet,1,1,1,1
physassistbench,C5,1,resolved,False,1,codex;sonnet,1,1,1,1
physassistbench,C6,0,not_established,True,1,,2,1,0,1
physassistbench,C7,1,resolved,False,1,codex;sonnet,1,1,1,1
physassistbench,C8,1,resolved,False,1,codex;sonnet,1,1,1,1
physassistbench,C9,1,resolved,False,1,codex;sonnet,1,1,1,1
physassistbench,C10,1,resolved,False,1,codex;sonnet,1,1,1,1
physassistbench,C11,0,established_zero,False,0,codex;sonnet,0,0,0,0
physassistbench,C12,2,resolved,False,2,codex;sonnet,2,2,2,2
physassistbench,C13,0,not_established,True,1,,1,1,0,1
physassistbench,C14,1,resolved,False,1,codex;sonnet,1,1,1,1
physassistbench,A1,1,resolved,False,1,codex;sonnet,1,1,1,1
physassistbench,A2,0,established_zero,False,0,codex;sonnet,0,0,0,0
physassistbench,A3,0,established_zero,False,0,codex;sonnet,0,0,0,0
physassistbench,A4,0,not_established,True,1,,1,1,0,1
physassistbench,A5,0,not_established,True,1,,2,1,0,1
physassistbench,A6,1,resolved,False,1,codex;sonnet,2,1,2,1
physassistbench,A7,2,resolved,False,2,codex;sonnet,2,2,2,2
physassistbench,A8,1,resolved,False,1,codex;sonnet,1,2,1,2
physassistbench,A9,1,resolved,False,1,codex;sonnet,1,1,1,1
physassistbench,A10,1,resolved,False,1,codex;sonnet,1,1,1,1
physassistbench,A11,0,not_established,True,2,,2,2,0,2
physicianbench,C1,1,resolved,False,1,codex;sonnet,1,1,1,1
physicianbench,C2,1,resolved,False,1,codex;sonnet,1,1,1,1
physicianbench,C3,1,resolved,False,1,codex;sonnet,1,1,1,1
physicianbench,C4,1,resolved,False,1,codex;sonnet,1,1,1,1
physicianbench,C5,0,established_zero,False,0,codex;sonnet,0,0,0,0
physicianbench,C6,0,established_zero,False,0,codex;sonnet,0,0,0,0
physicianbench,C7,1,resolved,False,1,codex;sonnet,1,1,1,1
physicianbench,C8,1,resolved,False,1,codex;sonnet,1,1,1,1
physicianbench,C9,0,established_zero,False,0,codex;sonnet,0,0,0,0
physicianbench,C10,0,not_established,True,0,,1,0,1,0
physicianbench,C11,0,established_zero,False,0,codex;sonnet,0,0,0,0
physicianbench,C12,1,resolved,False,1,codex;sonnet,1,1,1,1
physicianbench,C13,1,resolved,False,1,codex;sonnet,1,1,1,1
physicianbench,C14,0,not_established,True,1,,1,1,0,1
physicianbench,A1,2,resolved,False,2,codex;sonnet,2,2,2,2
physicianbench,A2,0,not_established,True,0,,0,1,0,1
physicianbench,A3,2,resolved,False,2,codex;sonnet,2,2,2,2
physicianbench,A4,1,resolved,False,1,codex;sonnet,1,1,1,1
physicianbench,A5,2,resolved,False,2,codex;sonnet,2,2,2,2
physicianbench,A6,0,not_established,True,0,,1,0,1,0
physicianbench,A7,1,resolved,False,1,codex;sonnet,2,1,2,1
physicianbench,A8,1,resolved,False,1,codex;sonnet,1,1,1,1
physicianbench,A9,0,not_established,True,0,,0,1,0,1
physicianbench,A10,1,resolved,False,1,codex;sonnet,1,1,1,1
physicianbench,A11,1,resolved,False,1,codex;sonnet,2,1,2,1
rada-benchplat,C1,1,resolved,False,1,codex;sonnet,1,1,1,1
rada-benchplat,C2,1,resolved,False,1,codex;sonnet,1,1,1,1
rada-benchplat,C3,1,resolved,False,1,codex;sonnet,1,1,1,1
rada-benchplat,C4,1,resolved,False,1,codex;sonnet,1,1,1,1
rada-benchplat,C5,1,resolved,False,1,codex;sonnet,1,1,1,1
rada-benchplat,C6,1,resolved,False,1,codex;sonnet,2,1,2,1
rada-benchplat,C7,1,resolved,False,1,codex;sonnet,1,1,1,1
rada-benchplat,C8,1,resolved,False,1,codex;sonnet,1,1,1,1
rada-benchplat,C9,0,established_zero,False,0,codex;sonnet,0,0,0,0
rada-benchplat,C10,1,resolved,False,1,codex;sonnet,1,1,1,1
rada-benchplat,C11,0,established_zero,False,0,codex;sonnet,0,0,0,0
rada-benchplat,C12,0,not_established,True,1,,1,1,0,1
rada-benchplat,C13,1,resolved,False,1,codex;sonnet,1,1,1,1
rada-benchplat,C14,1,resolved,False,1,codex;sonnet,1,1,1,1
rada-benchplat,A1,0,not_established,True,0,,1,0,1,0
rada-benchplat,A2,0,established_zero,False,0,codex;sonnet,0,0,0,0
rada-benchplat,A3,0,established_zero,False,0,codex;sonnet,0,0,0,0
rada-benchplat,A4,0,established_zero,False,0,codex;sonnet,0,0,0,0
rada-benchplat,A5,1,resolved,False,1,codex;sonnet,1,1,1,1
rada-benchplat,A6,1,resolved,False,1,codex;sonnet,1,1,1,1
rada-benchplat,A7,1,resolved,False,1,codex;sonnet,1,1,1,1
rada-benchplat,A8,0,not_established,True,1,,1,1,0,1
rada-benchplat,A9,1,resolved,False,1,codex;sonnet,1,1,1,1
rada-benchplat,A10,1,resolved,False,1,codex;sonnet,1,1,1,1
rada-benchplat,A11,2,resolved,False,2,codex;sonnet,2,2,2,2
rha-safety,C1,1,resolved,False,1,codex;sonnet,1,1,1,1
rha-safety,C2,1,resolved,False,1,codex;sonnet,1,1,1,1
rha-safety,C3,1,resolved,False,1,codex;sonnet,1,1,1,1
rha-safety,C4,2,resolved,False,2,codex;sonnet,2,2,2,2
rha-safety,C5,0,established_zero,False,0,codex;sonnet,0,0,0,0
rha-safety,C6,0,established_zero,False,0,codex;sonnet,0,0,0,0
rha-safety,C7,0,not_established,True,1,,1,1,0,1
rha-safety,C8,0,established_zero,False,0,codex;sonnet,0,0,0,0
rha-safety,C9,0,na_rejected_as_zero,True,0,,0,NA,0,NA
rha-safety,C10,0,not_established,True,0,,0,1,0,1
rha-safety,C11,0,established_zero,False,0,codex;sonnet,0,0,0,0
rha-safety,C12,1,resolved,False,1,codex;sonnet,1,1,1,1
rha-safety,C13,1,resolved,False,1,codex;sonnet,1,1,1,1
rha-safety,C14,2,resolved,False,2,codex;sonnet,2,2,2,2
rha-safety,A1,1,resolved,False,1,codex;sonnet,2,1,2,1
rha-safety,A2,0,not_established,True,1,,1,1,0,1
rha-safety,A3,0,established_zero,False,0,codex;sonnet,0,0,0,0
rha-safety,A4,1,resolved,False,1,codex;sonnet,1,1,1,1
rha-safety,A5,1,resolved,False,1,codex;sonnet,1,1,1,1
rha-safety,A6,1,resolved,False,1,codex;sonnet,1,1,1,1
rha-safety,A7,1,resolved,False,1,codex;sonnet,2,1,2,1
rha-safety,A8,1,resolved,False,1,codex;sonnet,1,1,1,1
rha-safety,A9,0,not_established,True,0,,0,1,0,1
rha-safety,A10,1,resolved,False,1,codex;sonnet,1,1,1,1
rha-safety,A11,0,established_zero,False,0,codex;sonnet,0,0,0,0
synthetic-hospital,C1,1,resolved,False,1,codex;sonnet,1,1,1,1
synthetic-hospital,C2,1,resolved,False,1,codex;sonnet,1,1,1,1
synthetic-hospital,C3,1,resolved,False,1,codex;sonnet,2,1,2,1
synthetic-hospital,C4,0,established_zero,False,0,codex;sonnet,0,0,0,0
synthetic-hospital,C5,2,resolved,False,2,codex;sonnet,2,2,2,2
synthetic-hospital,C6,2,resolved,False,2,codex;sonnet,2,2,2,2
synthetic-hospital,C7,1,resolved,False,1,codex;sonnet,2,1,2,1
synthetic-hospital,C8,0,not_established,True,2,,2,2,0,2
synthetic-hospital,C9,NA,na_accepted,False,NA,codex;sonnet,NA,NA,NA,NA
synthetic-hospital,C10,1,resolved,False,1,codex;sonnet,1,1,1,1
synthetic-hospital,C11,0,established_zero,False,0,codex;sonnet,0,0,0,0
synthetic-hospital,C12,2,resolved,False,2,codex;sonnet,2,2,2,2
synthetic-hospital,C13,1,resolved,False,1,codex;sonnet,1,1,1,1
synthetic-hospital,C14,1,resolved,False,1,codex;sonnet,1,1,1,1
synthetic-hospital,A1,0,established_zero,False,0,codex;sonnet,0,0,0,0
synthetic-hospital,A2,0,not_established,True,0,,0,1,0,1
synthetic-hospital,A3,0,established_zero,False,0,codex;sonnet,0,0,0,0
synthetic-hospital,A4,0,not_established,True,0,,1,0,1,0
synthetic-hospital,A5,1,resolved,False,1,codex;sonnet,1,1,1,1
synthetic-hospital,A6,1,resolved,False,1,codex;sonnet,1,1,1,1
synthetic-hospital,A7,NA,na_accepted,False,NA,codex;sonnet,NA,NA,NA,NA
synthetic-hospital,A8,1,resolved,False,1,codex;sonnet,1,1,1,1
synthetic-hospital,A9,1,resolved,False,1,codex;sonnet,1,1,1,1
synthetic-hospital,A10,1,resolved,False,1,codex;sonnet,1,1,1,1
synthetic-hospital,A11,1,resolved,False,1,codex;sonnet,1,2,1,2
vivabench,C1,1,resolved,False,1,codex;sonnet,1,1,1,1
vivabench,C2,1,resolved,False,1,codex;sonnet,1,1,1,1
vivabench,C3,1,resolved,False,1,codex;sonnet,1,1,1,1
vivabench,C4,0,established_zero,False,0,codex;sonnet,0,0,0,0
vivabench,C5,1,resolved,False,1,codex;sonnet,1,1,1,1
vivabench,C6,0,not_established,True,0,,0,1,0,1
vivabench,C7,0,not_established,True,0,,0,1,0,1
vivabench,C8,1,resolved,False,1,codex;sonnet,1,1,1,1
vivabench,C9,NA,na_accepted,False,NA,codex;sonnet,NA,NA,NA,NA
vivabench,C10,0,not_established,True,0,,1,0,1,0
vivabench,C11,0,established_zero,False,0,codex;sonnet,0,0,0,0
vivabench,C12,2,resolved,False,2,codex;sonnet,2,2,2,2
vivabench,C13,1,resolved,False,1,codex;sonnet,1,2,1,2
vivabench,C14,1,resolved,False,1,codex;sonnet,1,1,1,1
vivabench,A1,1,resolved,False,1,codex;sonnet,1,1,1,1
vivabench,A2,0,established_zero,False,0,codex;sonnet,0,0,0,0
vivabench,A3,1,resolved,False,1,codex;sonnet,2,1,2,1
vivabench,A4,1,resolved,False,1,codex;sonnet,1,1,1,1
vivabench,A5,1,resolved,False,1,codex;sonnet,1,1,1,1
vivabench,A6,1,resolved,False,1,codex;sonnet,1,1,1,1
vivabench,A7,2,resolved,False,2,codex;sonnet,2,2,2,2
vivabench,A8,1,resolved,False,1,codex;sonnet,1,1,1,1
vivabench,A9,1,resolved,False,1,codex;sonnet,1,1,1,1
vivabench,A10,1,resolved,False,1,codex;sonnet,1,1,1,1
vivabench,A11,1,resolved,False,1,codex;sonnet,1,1,1,1
