id,benchmark_name,paper_version,repo_url,action_interface,interface_as_stated,environment_data_source,executed_excluded,has_license,first_pass_decision,rule_applied
arxiv:2510.24654,DiagGym/DiagBench,single paper version,https://github.com/MAGIC-AI4Med/DiagGym,typed clinical actions,discrete order actions: choose an examination item or the final diagnosis; DiagGym world model returns result,"mixed (DiagGym returns synthetic examination results; DiagBench cases from MIMIC-IV, PMC-OA case reports, MTSamples, DDXPlus)",n,"y (non-standard license file, NOASSERTION)",INCLUDE (uncertain),R1
arxiv:2511.20490,MTBBench,single paper version,https://github.com/bunnelab/MTBBench,function/tool calls,function/tool calls: file-access requests plus callable pathology foundation models and PubMed/DrugBank resources,real (public HANCOCK and MSK-CHORD cohorts; de-identification not stated in text read),n,y (MIT),INCLUDE,"none (E1-E5 met; R1-R7 re-checked, no change)"
arxiv:2512.23440,ClinDEF,single paper version,,typed clinical actions,"discrete action space {Ask, Test, Diag}; Examiner agent returns test results",not stated (cases generated from a disease knowledge graph),n,no repo url,INCLUDE (uncertain),R4
arxiv:2601.19773,EviMed / interactive evidence-elicitation evaluation,single paper version,https://github.com/NanshineLoong/EID-Benchmark,typed clinical actions,"discrete actions: ask patient, request clinical examination, or diagnose; simulated reporter returns test findings",real (case reports and public case sets; de-identification not stated),n,y (MIT),INCLUDE (uncertain),R4
arxiv:2602.05407,H-AdminSim,arXiv + CHIL 2026 (PMLR 333:572-613) versions of same paper,https://ljm565.github.io/h_adminsim_project/,FHIR/EHR API,tool calls (scheduling tools) against a FHIR-based hospital environment; FHIR resource create/update/delete,synthetic,n,"not checkable (project page, not a repository)",INCLUDE (uncertain),R6
arxiv:2603.14771,OpenHospital,single paper version,https://github.com/ZJU-LLMs/Agent-Kernel,typed clinical actions,"action space: patient perception, targeted inquiry, diagnostic examination, multi-agent consultation, knowledge retrieval",synthetic,n,y (Apache-2.0),INCLUDE (uncertain),R1
arxiv:2603.24649,MedFlowBench (MedOpenClaw),single paper version,,function/tool calls,"tool actions in 3D Slicer/QuPath viewers: viewer control, evidence capture, analysis operators",real de-identified (public research datasets),n,no repo url,INCLUDE,"none (E1-E5 met; R1-R7 re-checked, no change)"
arxiv:2605.02240,PhysicianBench,single paper version,https://healthrex.github.io/PhysicianBench/,FHIR/EHR API,FHIR API: GET queries and POST orders/referrals via function-calling tools,real de-identified,n,"not checkable (project page, not a repository)",INCLUDE,"none (E1-E5 met; R1-R7 re-checked, no change)"
arxiv:2606.03203,MedCUA-Bench,single paper version,,GUI live,"GUI: BrowserGym pixel interface (mouse clicks, scrolling, typing, shortcuts) over screenshots","mixed (15 synthetic HTML shadow GUIs, OpenEMR seeded with demonstration patients, OHIF viewer with real radiology/pathology studies)",n,no repo url,INCLUDE,"none (E1-E5 met; R1-R7 re-checked, no change)"
arxiv:2606.31179,HealthAgentBench,single paper version,https://github.com/microsoft/HealthAgentBench,code execution,code execution / terminal tool calls inside per-task Docker environments,real (MIMIC-IV / MIMIC-CXR-derived; de-identification not stated in text read),n,y (MIT),INCLUDE,"none (E1-E5 met; R1-R7 re-checked, no change)"
arxiv:2608.30188,GPAgentBench-2K,single paper version,https://github.com/jianing-lab/GPAgentBench,typed clinical actions,"discrete clinical actions: ask, body_exam, test, diagnose, treat, refer (CMDP environment)",real de-identified,n,y (MIT),INCLUDE,"none (E1-E5 met; R1-R7 re-checked, no change)"
arxiv:2609.33117,ECG-Scroll,single paper version,https://github.com/CuCl-2/ECG-Scroll/,function/tool calls,"gym-style streaming environment: advance/skim, measure (signal and diagnostic tools), write to memory",real (public PhysioNet ambulatory ECG recordings; de-identification not stated),n,"y (non-standard license file, NOASSERTION)",INCLUDE,"none (E1-E5 met; R1-R7 re-checked, no change)"
arxiv:2609.39371,EHR-RobustGym,single paper version,,code execution,code execution: interactive SQL/Python over a MIMIC-IV database with execution feedback,real de-identified,n,no repo url,INCLUDE,"none (E1-E5 met; R1-R7 re-checked, no change)"
arxiv:2609.30027,Synthetic Hospital,single paper version,https://github.com/sparkcpark/synthetic_hospital,FHIR/EHR API,"function-calling tool API over a simulated Epic-style EHR (13 tools, 40-action budget)",synthetic,n,y (MIT),INCLUDE,"none (E1-E5 met; R1-R7 re-checked, no change)"
pubmed:41758153,MedAgentBench v2,"MedAgentBench v2, PSB 2026; 300 new tasks, separate paper from v1",,FHIR/EHR API,"FHIR API tool calls (GET/POST via tools), calculator and finish tools",not stated (FHIR-compliant EHR from MedAgentBench v1),y,no repo url,X1 (uncertain),R1 (300 new verified tasks); never executed
arxiv:2405.07960,AgentClinic,"arXiv v5 (2025-05-25) read; later journal version npj Digit Med 2026 ""tool-using clinical AI agents"" (PMID 42045532, doi 10.1038/s41746-026-02674-7) NOT read; same benchmark (X7), score latest version",https://github.com/samuelschmidgall/agentclinic,typed clinical actions,"discrete test-request actions (REQUEST TEST) plus tools (notebook, retrieval)",mixed,n,y (MIT),INCLUDE,"none (E1-E5 met; R1-R7 re-checked, no change)"
arxiv:2412.09529,RadA-BenchPlat,arXiv v4 (title changed from 'How Well Can Modern LLMs Act as Agent Cores in Radiology Environments?'),https://github.com/MAGIC-AI4Med/RadABench,function/tool calls,"executable radiology tool calls (tool cards: segmentation, anomaly detection, diagnosis, report generation)",mixed,n,y (MIT),INCLUDE,"none (E1-E5 met; R1-R7 re-checked, no change)"
arxiv:2501.14654,MedAgentBench,"MedAgentBench v1, arXiv v2 / NEJM AI 2025; 300 tasks",https://github.com/stanfordmlgroup/MedAgentBench,FHIR/EHR API,FHIR API requests (GET/POST) to HAPI FHIR server,real de-identified,y,y (MIT),INCLUDE,"none (E1-E5 met; R1-R7 re-checked, no change)"
arxiv:2509.19319,FHIR-AgentBench,arXiv v2 (13 Nov 2025); ML4H 2025,https://github.com/glee4810/FHIR-AgentBench,FHIR/EHR API,FHIR API queries (FHIR Query Generator) and retrieval tools; optional code generation,real de-identified,n,y (CC-BY-4.0),INCLUDE,"none (E1-E5 met; R1-R7 re-checked, no change)"
arxiv:2510.10278,VivaBench,arXiv v1 only,https://huggingface.co/datasets/chychiu/VivaBench/,typed clinical actions,"typed actions: history, examination, investigation (orders labs/imaging), diagnosis; per-category request limits",not stated,n,y (cc-by-4.0),INCLUDE (uncertain),R4
arxiv:2601.22964,Med-Inquire (EvoClinician),arXiv v1 only; benchmark introduced together with the EvoClinician agent,https://github.com/yf-he/EvoClinician,typed clinical actions,"typed actions: AskQuestion, OrderTest (priced), SubmitDiagnosis",real (de-identification not stated),n,n (no license file detected),INCLUDE (uncertain),R1
arxiv:2605.02943,Healthcare AI GYM,arXiv v1 only,https://github.com/minstar/Healthcare_GYM,function/tool calls,function/tool calls (135 tools incl. write tools such as order_lab; submit_answer) in a gymnasium environment,not stated,n,y (Apache-2.0),INCLUDE (uncertain),R1
arxiv:2605.11224,ABRA,arXiv v1 only,https://github.com/Luab/ABRA,function/tool calls,21 function-calling tools driving OHIF viewer and Orthanc DICOM server,real (de-identification not stated),n,y (MIT),INCLUDE,"none (E1-E5 met; R1-R7 re-checked, no change)"
arxiv:2605.21496,HealthCraft,arXiv v1 only,https://github.com/GOATnote-Inc/healthcraft,FHIR/EHR API,24 MCP tools (read/compute/mutate/workflow) over FHIR R4 world state,not stated,n,y (Apache-2.0),INCLUDE,"none (E1-E5 met; R1-R7 re-checked, no change)"
arxiv:2606.05112,MedSP1000,arXiv v1 only,https://github.com/MAGIC-AI4Med/MedSP1000,typed clinical actions,"structured turn output: speak (to patient agent) plus actions list (exams, tests, procedures) resolved by an environment controller",not stated,n,y (MIT),INCLUDE (uncertain),R4
arxiv:2606.18613,PhysAssistBench,arXiv v4 screened,https://github.com/HINTLab/PhysAssistBench,FHIR/EHR API,FHIR R4 read/write tool calls plus patient-interview tools,mixed,n,y (Apache-2.0),INCLUDE,"none (E1-E5 met; R1-R7 re-checked, no change)"
arxiv:2607.08257,MentalHospital,arXiv v1 only,,typed clinical actions,structured examination-request array answered by an examination module (returns EHR-derived report or 'result unavailable'); S.O.A.P. stage workflow,real de-identified,n,no repo url,INCLUDE,"none (E1-E5 met; R1-R7 re-checked, no change)"
arxiv:2607.25485,PatientAgentBench,arXiv v1 only,https://github.com/amazon-science/PatientAgentBench,function/tool calls,"function/tool calls to a stateful sandbox of healthcare tools (scheduling, prescriptions, escalation)",synthetic,n,"y (non-standard license file, NOASSERTION)",INCLUDE,"none (E1-E5 met; R1-R7 re-checked, no change)"
arxiv:2608.07796,CliniCARE-Bench,arXiv v1 only,,function/tool calls,"governed tool environment for record retrieval, computation and policy access (logged tool calls)",real (de-identification not stated),n,no repo url,INCLUDE,"none (E1-E5 met; R1-R7 re-checked, no change)"
arxiv:2604.26577,Robotic health attendant safety dataset,arXiv v2; R. Soc. Open Sci. 13(9) 261022 per csv,https://github.com/kztakemoto/RHASafety,embodied,"robot skill sequences (e.g. MapsToLocation, pickObject) in a simulated patient room",not stated,n,n (no license file detected),INCLUDE (uncertain),R6 (care setting)
arxiv:2410.17657,ClinicalAgent Bench (CAB),Single paper; CAB introduced jointly with ReflecTool method (arXiv 2410.17657),https://github.com/BlueZeros/ReflecTool,function/tool calls,"tool calls (clinical toolbox: SQL, retrieval, medical-image tools)",not stated,n,y (Apache-2.0),INCLUDE (uncertain),R1
arxiv:2503.22678,MedAgentSim,arXiv v2 Oct 2025,https://github.com/MAXNORM8650/MedAgentSim,typed clinical actions,discrete test/exam requests answered by measurement agent (plus dialogue),not stated,n,"y (non-standard license file, NOASSERTION)",INCLUDE (uncertain),R4
arxiv:2509.23415,EHR-ChatQA,arXiv 2509.23415,https://github.com/glee4810/EHR-ChatQA,function/tool calls,"tool calls (value_similarity_search, web_search, sql_execute)",not stated,n,n (no license file detected),INCLUDE,"none (E1-E5 met; R1-R7 re-checked, no change)"
arxiv:2512.10206,CP-Env,arXiv 2512.10206,https://github.com/SPIRAL-MED/CP_ENV,function/tool calls,"tool use in hospital environment (EMR, tests, decision-support tools)",not stated,n,y (MIT),INCLUDE,"none (E1-E5 met; R1-R7 re-checked, no change)"
arxiv:2601.08988,ART,ART: separate 600-task set and paper; built on MedAgentBench framework/data (confirm executed-exclusion status),,FHIR/EHR API,FHIR API calls (via MedAgentBench framework),mixed,n,no repo url,INCLUDE,"none (E1-E5 met; R1-R7 re-checked, no change)"
arxiv:2601.23049,MedMCP-Calc,arXiv 2601.23049,https://github.com/SPIRAL-MED/MedMCP-Calc,function/tool calls,"MCP tool calls (EHR database tools, Google Search, Python executor)",not stated,n,y (MIT),INCLUDE,"none (E1-E5 met; R1-R7 re-checked, no change)"
arxiv:2604.14656,MedImageEdu,arXiv 2604.14656,,function/tool calls,tool call (benchmark-provided image drawing tool),not stated,n,no repo url,INCLUDE (uncertain),R6
arxiv:2605.09675,CodeClinic,arXiv 2605.09675,https://github.com/tossowski/CodeClinic,code execution,"code execution (stateful interpreter with query_db, search_guidelines, load_function)",not stated,n,n (no license file detected),INCLUDE,"none (E1-E5 met; R1-R7 re-checked, no change)"
arxiv:2606.02568,ClinEnv,arXiv 2606.02568,https://github.com/ylin766/ClinEnv,function/tool calls,"function/tool calls (ask_patient, ask_nurse, order_lab, get_history_*, submit_medication/diagnosis)",not stated,n,n (no license file detected),INCLUDE,"none (E1-E5 met; R1-R7 re-checked, no change)"
arxiv:2606.11702,MedCTA,arXiv 2606.11702,https://ivul-kaust.github.io/MedCTA/,function/tool calls,"tool calls (5 deployed tools for perception, operation, reasoning, reporting)",real de-identified,n,"not checkable (project page, not a repository)",INCLUDE,"none (E1-E5 met; R1-R7 re-checked, no change)"
arxiv:2606.23301,EHR-Complex,arXiv 2606.23301,,code execution,code execution (SQL queries or Python code in sandbox),not stated,n,no repo url,INCLUDE,"none (E1-E5 met; R1-R7 re-checked, no change)"
arxiv:2606.28900,MedEvoEval,arXiv 2606.28900,,typed clinical actions,"discrete structured actions (ASK, REQUEST_TEST, CALL_MDT, FINALIZE)",not stated,n,no repo url,INCLUDE,"none (E1-E5 met; R1-R7 re-checked, no change)"
arxiv:2609.38480,KlinikeBench,arXiv 2609.38480,https://github.com/Zehui127/klinikebench-train,function/tool calls,"function/tool calls (140 tool names: record retrieval, test orders, referrals, diagnosis recording)",synthetic,n,y (Apache-2.0),INCLUDE,"none (E1-E5 met; R1-R7 re-checked, no change)"
arxiv:2605.09679,DeepTumorVQA (2026),arXiv 2605.09679,https://github.com/Schuture/DeepTumorVQA,function/tool calls,"tool calls (segmentation models, measurement programs) in tool-interaction environments",not stated,n,y (Apache-2.0),INCLUDE,"none (E1-E5 met; R1-R7 re-checked, no change)"
pubmed:41727598,FHIR-AgentEval,,,FHIR/EHR API,"FHIR operations against a resettable server (full text confirmed, research/eligibility/fhir_agenteval_fulltext.md)",n/a,n,,INCLUDE (merge-fix rescreen),E1-E5
