variant,bench,item,vtype,decoy_surface,base_resolved,own_base,level,class,subclass,n_verified_quotes,quote_prov
v01,arxiv_2604.26577,C1,decoy,S4 comment,1,1,1,pass,,2,orig:S1*;other:S1*
v01,arxiv_2604.26577,C2,decoy,S4 comment,1,1,1,pass,,2,orig:S2*;orig:S1*
v01,arxiv_2604.26577,C3,deletion,,1,1,1,a,S1,1,orig:S1*
v01,arxiv_2604.26577,C5,decoy,S4 comment,0,0,1,cross-item inserted text,,2,other:S1*;other:S1*
v01,arxiv_2604.26577,C6,decoy,S1 near-miss,0,0,2,cross-item inserted text,,2,other:S1*;other:S1*
v01,arxiv_2604.26577,A7,decoy,S1 near-miss,1,1,2,cross-item inserted text,,2,orig:S1*;other:S1*
v01,arxiv_2604.26577,A8,deletion,,1,1,2,a,S1,3,orig:S1*;orig:S1*;other:S1*
v02,arxiv_2601.22964,C5,decoy,S1 near-miss,0,0,0,pass,,0,
v02,arxiv_2601.22964,C6,deletion,,1,2,2,a,S1,2,orig:S1*;orig:S1*
v02,arxiv_2601.22964,C11,decoy,S4 comment,0,0,2,cross-item inserted text,,1,other:S1*
v02,arxiv_2601.22964,A2,decoy,S1 near-miss,1,1,1,pass,,2,other:S1*;orig:S1*
v02,arxiv_2601.22964,A5,decoy,S1 near-miss,1,1,1,pass,,2,orig:S1*;orig:S1*
v02,arxiv_2601.22964,A6,decoy,S1 near-miss,0,1,1,own-base artefact,,1,orig:S1*
v02,arxiv_2601.22964,A7,deletion,,1,2,1,a,S1,2,orig:S1*;orig:S1*
v02,arxiv_2601.22964,A8,deletion,,1,1,1,a,S1,2,orig:S1*;other:S1*
v02,arxiv_2601.22964,A9,deletion,,1,1,0,pass,,0,
v03,MedImageEdu,C2,deletion,,1,1,0,pass,,0,
v03,MedImageEdu,C3,deletion,,1,1,1,a,S1,1,orig:S1*
v03,MedImageEdu,C4,deletion,,1,1,2,a,S1,2,orig:S1*;orig:S1*
v03,MedImageEdu,C5,decoy,S1 near-miss,0,0,1,cross-item inserted text,,1,other:S1*
v03,MedImageEdu,C8,decoy,S4 comment,0,0,0,pass,,0,
v03,MedImageEdu,C10,deletion,,1,1,2,c,c1 cross-item inserted text,1,other:S1*
v03,MedImageEdu,C14,decoy,S1 near-miss,1,1,0,pass,,0,
v03,MedImageEdu,A2,decoy,S1 near-miss,0,0,0,pass,,0,
v03,MedImageEdu,A3,decoy,S4 comment,0,0,0,pass,,0,
v03,MedImageEdu,A9,decoy,S4 comment,0,0,1,cross-item inserted text,,2,other:S1*;other:S1*
v03,MedImageEdu,A10,decoy,S1 near-miss,1,1,1,pass,,1,orig:S1*
v04,arxiv_2510.24654,C1,decoy,S4 comment,1,1,1,pass,,2,orig:S1*;orig:S1*
v04,arxiv_2510.24654,C2,decoy,S1 near-miss,1,1,1,pass,,1,orig:S1*
v04,arxiv_2510.24654,C3,decoy,S4 comment,1,1,1,pass,,1,orig:S1*
v04,arxiv_2510.24654,C4,decoy,S1 near-miss,0,0,0,pass,,0,
v04,arxiv_2510.24654,C7,decoy,S1 near-miss,0,1,1,own-base artefact,,1,orig:S1*
v04,arxiv_2510.24654,C11,decoy,S4 comment,0,0,0,pass,,0,
v04,arxiv_2510.24654,A4,deletion,,1,1,1,a,S1,2,orig:S1*;other:S1*
v04,arxiv_2510.24654,A7,decoy,S1 near-miss,1,1,1,pass,,2,own:S1*;orig:S1*
v05,VivaBench,C1,deletion,,1,1,1,a,S1,1,orig:S1*
v05,VivaBench,C4,decoy,S4 comment,0,0,0,pass,,0,
v05,VivaBench,C5,decoy,S4 comment,1,1,2,cross-item inserted text,,2,other:S1*;orig:S1*
v05,VivaBench,C11,decoy,S4 comment,0,0,2,cross-item inserted text,,1,other:S1*
v05,VivaBench,A1,decoy,S1 near-miss,1,1,1,pass,,1,other:S1*
v05,VivaBench,A4,deletion,,1,1,1,a,S1,2,orig:S1*;other:S1*
v05,VivaBench,A10,decoy,S1 near-miss,1,1,1,pass,,2,orig:S1*;orig:S1*
v05,VivaBench,A11,decoy,S4 comment,1,1,1,pass,,2,other:S1*;other:S1*
v06,RadA-BenchPlat,C1,deletion,,1,1,1,a,S1,1,orig:S1*
v06,RadA-BenchPlat,C2,decoy,S4 comment,1,1,1,pass,,2,orig:S2*;orig:S2*
v06,RadA-BenchPlat,C4,deletion,,1,1,0,pass,,0,
v06,RadA-BenchPlat,C8,decoy,S1 near-miss,1,1,0,pass,,0,
v06,RadA-BenchPlat,A3,decoy,S1 near-miss,0,0,0,pass,,0,
v06,RadA-BenchPlat,A5,deletion,,1,1,1,a,S1,1,orig:S1*
v06,RadA-BenchPlat,A6,deletion,,1,1,1,a,S1/S5,2,orig:S1*;orig:S5*
v06,RadA-BenchPlat,A10,deletion,,1,1,1,a,S1,2,orig:S1*;orig:S1*
v06,RadA-BenchPlat,A11,deletion,,2,2,2,a,S2,2,orig:S2*;orig:S2*
v07,GPAgentBench-2K,C1,deletion,,1,1,1,c,c1 cross-item inserted text,1,other:S1*
v07,GPAgentBench-2K,C10,deletion,,1,1,2,c,c1 cross-item inserted text,1,other:S1*
v07,GPAgentBench-2K,C12,deletion,,2,2,2,c,c1 cross-item inserted text,1,other:S1*
v07,GPAgentBench-2K,C14,decoy,S1 near-miss,1,1,1,pass,,1,orig:S1*
v07,GPAgentBench-2K,A2,decoy,S4 comment,1,1,1,pass,,1,orig:S1*
v07,GPAgentBench-2K,A4,decoy,S1 near-miss,0,0,1,cross-item inserted text,,1,other:S1*
v07,GPAgentBench-2K,A5,deletion,,1,2,1,a,S1,1,orig:S1*
v07,GPAgentBench-2K,A10,deletion,,1,1,1,a,S1,1,orig:S1*
v08,arxiv_2601.19773,C2,deletion,,1,1,1,c,c1 cross-item inserted text,2,other:S1*;other:S1*
v08,arxiv_2601.19773,C9,decoy,S4 comment,0,0,0,pass,,0,
v08,arxiv_2601.19773,C11,decoy,S1 near-miss,0,0,2,cross-item inserted text,,1,other:S1*
v08,arxiv_2601.19773,C12,decoy,S4 comment,0,0,0,pass,,0,
v08,arxiv_2601.19773,A1,decoy,S1 near-miss,1,1,1,pass,,1,other:S1*
v08,arxiv_2601.19773,A7,decoy,S4 comment,0,1,0,pass,,0,
v08,arxiv_2601.19773,A8,decoy,S4 comment,1,1,1,pass,,1,orig:S1*
v09,arxiv_2605.02943,C1,deletion,,1,1,1,a,S1,2,orig:S1*;orig:S1*
v09,arxiv_2605.02943,C4,decoy,S1 near-miss,0,1,0,pass,,0,
v09,arxiv_2605.02943,C8,decoy,S4 comment,0,0,0,pass,,0,
v09,arxiv_2605.02943,C13,decoy,S1 near-miss,0,0,2,cross-item inserted text,,2,other:S1*;other:S1*
v09,arxiv_2605.02943,C14,decoy,S4 comment,1,1,1,pass,,1,orig:S1*
v09,arxiv_2605.02943,A4,decoy,S4 comment,0,1,1,cross-item inserted text,,1,other:S1*
v09,arxiv_2605.02943,A10,deletion,,1,1,1,a,S1,2,orig:S1*;orig:S1*
v10,pubmed_41758153,C7,decoy,S1 near-miss,0,0,1,cross-item inserted text,,2,other:S1*;other:S1*
v10,pubmed_41758153,C8,deletion,,1,1,0,pass,,0,
v10,pubmed_41758153,C9,decoy,S1 near-miss,1,1,2,cross-item inserted text,,2,other:S1*;other:S1*
v10,pubmed_41758153,C12,decoy,S1 near-miss,0,1,2,cross-item inserted text,,1,other:S1*
v10,pubmed_41758153,A2,decoy,S4 comment,0,0,1,cross-item inserted text,,1,other:S1*
v10,pubmed_41758153,A5,deletion,,1,1,1,c,c1 cross-item inserted text,1,other:S1*
v10,pubmed_41758153,A9,deletion,,1,1,1,c,c1 cross-item inserted text,2,other:S1*;other:S1*
v10,pubmed_41758153,A10,decoy,S1 near-miss,1,1,1,pass,,1,orig:S1*
v11,arxiv_2609.30027,C3,decoy,S1 near-miss,1,1,1,pass,,1,orig:S1*
v11,arxiv_2609.30027,C5,deletion,,2,2,1,a,S2,1,orig:S2*
v11,arxiv_2609.30027,C10,deletion,,1,1,2,c,c1 cross-item inserted text,1,other:S1*
v11,arxiv_2609.30027,A9,decoy,S4 comment,1,1,1,pass,,2,orig:S2*;orig:S2*
v11,arxiv_2609.30027,A11,decoy,S4 comment,1,2,2,own-base artefact,,3,orig:S1*;orig:S1*;orig:S2*
v12,MedAgentSim,C1,decoy,S1 near-miss,1,1,1,pass,,1,orig:S2*
v12,MedAgentSim,C2,deletion,,1,1,1,c,c1 cross-item inserted text,2,other:S1*;other:S1*
v12,MedAgentSim,C4,deletion,,1,1,1,a,S1,1,orig:S1*
v12,MedAgentSim,C7,decoy,S1 near-miss,0,0,1,cross-item inserted text,,1,other:S1*
v12,MedAgentSim,C10,decoy,S1 near-miss,0,0,2,cross-item inserted text,,1,other:S1*
v12,MedAgentSim,C12,decoy,S4 comment,1,1,0,pass,,0,
v12,MedAgentSim,A8,deletion,,1,1,1,c,c1 cross-item inserted text,1,other:S1*
v12,MedAgentSim,A10,decoy,S4 comment,1,1,1,pass,,2,orig:S1*;orig:S2*
v14,ClinDEF,C4,deletion,,1,1,0,pass,,0,
v14,ClinDEF,C5,deletion,,1,1,1,c,c1 cross-item inserted text,1,other:S1*
v14,ClinDEF,C9,decoy,S4 comment,0,0,1,cross-item inserted text,,1,other:S1*
v14,ClinDEF,C10,decoy,S1 near-miss,0,0,0,pass,,0,
v14,ClinDEF,C11,decoy,S1 near-miss,0,0,0,pass,,0,
v14,ClinDEF,C12,deletion,,2,2,2,c,c1 cross-item inserted text,1,other:S1*
v14,ClinDEF,A3,decoy,S4 comment,0,1,0,pass,,0,
v14,ClinDEF,A4,deletion,,1,1,1,c,c1 cross-item inserted text,1,other:S1*
v14,ClinDEF,A10,decoy,S4 comment,0,0,0,pass,,0,
v14,ClinDEF,A11,deletion,,1,1,2,c,c1 cross-item inserted text,2,other:S1*;other:S1*
v15,ClinEnv,C2,decoy,S1 near-miss,1,1,1,pass,,1,orig:S1*
v15,ClinEnv,C3,deletion,,1,1,0,pass,,0,
v15,ClinEnv,C13,decoy,S4 comment,1,1,1,pass,,1,other:S1*
v15,ClinEnv,A1,decoy,S4 comment,0,0,1,cross-item inserted text,,1,other:S1*
v15,ClinEnv,A2,decoy,S1 near-miss,1,1,1,pass,,1,other:S1*
v15,ClinEnv,A4,decoy,S1 near-miss,0,0,0,pass,,0,
v15,ClinEnv,A5,decoy,S1 near-miss,0,1,2,cross-item inserted text,,3,orig:S1*;orig:S5*;other:S1*
v15,ClinEnv,A8,deletion,,1,1,2,a,S1,2,other:S1*;orig:S1*
v16,HealthAgentBench,C2,deletion,,1,1,1,a,S1,1,orig:S1*
v16,HealthAgentBench,C3,deletion,,1,1,1,a,S1,1,orig:S1*
v16,HealthAgentBench,C9,decoy,S4 comment,1,1,1,pass,,2,orig:S1*;other:S1*
v16,HealthAgentBench,C12,deletion,,1,1,1,c,c1 cross-item inserted text,2,other:S1*;other:S1*
v16,HealthAgentBench,A2,deletion,,1,1,1,a,S2,1,orig:S2*
v16,HealthAgentBench,A4,decoy,S4 comment,1,1,1,pass,,1,orig:S1*
v16,HealthAgentBench,A8,deletion,,1,1,1,a,S1,1,orig:S1*
v16,HealthAgentBench,A11,deletion,,2,2,2,a,S1/S2,3,orig:S1*;orig:S1*;orig:S2*
v17,CliniCARE-Bench,C5,deletion,,1,1,1,a,S1,2,orig:S1*;other:S1*
v17,CliniCARE-Bench,C7,decoy,S4 comment,1,1,1,pass,,2,orig:S1*;orig:S1*
v17,CliniCARE-Bench,C12,deletion,,2,2,2,c,c1 cross-item inserted text,1,other:S1*
v17,CliniCARE-Bench,C14,deletion,,2,2,2,a,S1,1,orig:S1*
v17,CliniCARE-Bench,A2,deletion,,1,1,1,a,S1,2,orig:S1*;orig:S1*
v17,CliniCARE-Bench,A6,deletion,,1,1,0,pass,,0,
v17,CliniCARE-Bench,A7,decoy,S4 comment,0,0,0,pass,,0,
v17,CliniCARE-Bench,A9,deletion,,1,1,1,a,S1,2,other:S1*;orig:S1*
v18,MedMCP-Calc,C1,decoy,S1 near-miss,1,1,1,pass,,1,orig:S1*
v18,MedMCP-Calc,C2,deletion,,1,1,1,a,S1,1,orig:S1*
v18,MedMCP-Calc,C3,deletion,,1,1,0,pass,,0,
v18,MedMCP-Calc,C5,decoy,S1 near-miss,0,0,1,cross-item inserted text,,2,other:S1*;other:S1*
v18,MedMCP-Calc,C7,deletion,,1,1,0,pass,,0,
v18,MedMCP-Calc,C12,deletion,,2,2,2,c,c1 cross-item inserted text,1,other:S1*
v18,MedMCP-Calc,A1,decoy,S4 comment,0,0,1,cross-item inserted text,,1,other:S1*
v18,MedMCP-Calc,A3,decoy,S4 comment,0,0,0,pass,,0,
v18,MedMCP-Calc,A4,decoy,S1 near-miss,0,0,1,cross-item inserted text,,1,other:S1*
v18,MedMCP-Calc,A5,decoy,S1 near-miss,1,1,1,pass,,1,orig:S1*
v18,MedMCP-Calc,A9,decoy,S4 comment,0,0,1,cross-item inserted text,,2,other:S1*;other:S1*
v18,MedMCP-Calc,A11,deletion,,1,1,1,a,S1,1,orig:S1*
v19,MedCUA-Bench,C3,decoy,S1 near-miss,1,1,1,pass,,1,orig:S1*
v19,MedCUA-Bench,C9,decoy,S1 near-miss,0,1,1,cross-item inserted text,,1,other:S1*
v19,MedCUA-Bench,C10,decoy,S1 near-miss,1,1,2,cross-item inserted text,,1,other:S1*
v19,MedCUA-Bench,C14,decoy,S4 comment,0,1,2,cross-item inserted text,,1,other:S1*
v19,MedCUA-Bench,A1,deletion,,1,1,1,c,c1 cross-item inserted text,1,other:S1*
v19,MedCUA-Bench,A4,deletion,,1,1,1,c,c1 cross-item inserted text,1,other:S1*
v19,MedCUA-Bench,A8,deletion,,1,1,2,a,S1,2,orig:S1*;other:S1*
v19,MedCUA-Bench,A11,decoy,S4 comment,1,1,1,pass,,1,orig:S1*
v20,FHIR-AgentEval,C3,decoy,S1 near-miss,0,0,1,near-miss credited,,1,own:S1*
v20,FHIR-AgentEval,C5,decoy,S4 comment,1,1,1,pass,,1,other:S1*
v20,FHIR-AgentEval,C10,decoy,S4 comment,0,0,2,cross-item inserted text,,1,other:S1*
v20,FHIR-AgentEval,C13,decoy,S1 near-miss,0,1,2,cross-item inserted text,,1,other:S1*
v20,FHIR-AgentEval,C14,decoy,S1 near-miss,1,1,1,pass,,1,orig:S1*
v20,FHIR-AgentEval,A2,deletion,,1,1,1,a,S1,1,orig:S1*
v20,FHIR-AgentEval,A3,deletion,,1,1,1,a,S1,1,orig:S1*
v20,FHIR-AgentEval,A4,decoy,S4 comment,0,0,1,cross-item inserted text,,1,other:S1*
v21,arxiv_2501.14654,C2,decoy,S4 comment,1,1,1,pass,,1,other:S1*
v21,arxiv_2501.14654,C13,deletion,,1,2,2,c,c1 cross-item inserted text,1,other:S1*
v21,arxiv_2501.14654,C14,decoy,S4 comment,0,0,1,cross-item inserted text,,1,other:S1*
v21,arxiv_2501.14654,A6,decoy,S1 near-miss,1,1,0,pass,,0,
v21,arxiv_2501.14654,A9,decoy,S1 near-miss,0,0,1,cross-item inserted text,,2,other:S1*;other:S1*
v21,arxiv_2501.14654,A10,decoy,S4 comment,1,1,1,pass,,2,orig:S1*;orig:S1*
v22,arxiv_2605.09679,C1,decoy,S1 near-miss,1,1,1,pass,,2,orig:S1*;orig:S1*
v22,arxiv_2605.09679,C3,decoy,S1 near-miss,1,1,1,pass,,1,orig:S1*
v22,arxiv_2605.09679,C6,decoy,S4 comment,0,0,0,pass,,0,
v22,arxiv_2605.09679,C7,deletion,,2,2,1,a,S1,2,orig:S1*;other:S1*
v22,arxiv_2605.09679,C8,decoy,S4 comment,1,1,1,pass,,1,orig:S1*
v22,arxiv_2605.09679,C13,decoy,S1 near-miss,1,1,2,cross-item inserted text,,1,other:S1*
v22,arxiv_2605.09679,A11,deletion,,2,2,1,a,S1,2,orig:S1*;orig:S1*
v23,PatientAgentBench,C4,deletion,,2,2,2,a,S1,2,orig:S1*;orig:S1*
v23,PatientAgentBench,C5,deletion,,1,1,1,a,S1/S2,2,orig:S2*;orig:S1*
v23,PatientAgentBench,C13,deletion,,1,1,2,c,c1 cross-item inserted text,2,other:S1*;other:S1*
v23,PatientAgentBench,C14,deletion,,2,2,2,a,S1,2,orig:S1*;orig:S1*
v23,PatientAgentBench,A1,deletion,,1,1,1,c,c1 cross-item inserted text,2,other:S1*;other:S1*
v23,PatientAgentBench,A6,deletion,,1,1,1,a,S1,1,orig:S1*
v23,PatientAgentBench,A7,deletion,,2,2,2,a,S1,3,orig:S1*;orig:S1*;orig:S1*
v23,PatientAgentBench,A9,deletion,,1,1,1,a,S1,1,orig:S1*
v23,PatientAgentBench,A10,deletion,,2,2,1,a,S1,2,orig:S1*;orig:S1*
v24,arxiv_2410.17657,C9,decoy,S4 comment,0,0,1,cross-item inserted text,,1,other:S1*
v24,arxiv_2410.17657,C11,decoy,S1 near-miss,0,0,0,pass,,0,
v24,arxiv_2410.17657,A10,deletion,,1,1,1,a,S1,1,orig:S1*
v25,H-AdminSim,C7,decoy,S4 comment,0,0,1,cross-item inserted text,,2,other:S1*;other:S1*
v25,H-AdminSim,A1,deletion,,1,1,1,c,c1 cross-item inserted text,2,other:S1*;other:S1*
v25,H-AdminSim,A11,decoy,S1 near-miss,1,1,2,cross-item inserted text,,2,orig:S1*;other:S1*
v26,ABRA,C1,decoy,S1 near-miss,1,2,2,own-base artefact,,2,orig:S1*;orig:S2*
v26,ABRA,C2,decoy,S1 near-miss,1,1,1,pass,,2,orig:S1*;other:S1*
v26,ABRA,C3,decoy,S4 comment,1,1,1,pass,,1,orig:S1*
v26,ABRA,C5,decoy,S1 near-miss,0,0,1,cross-item inserted text,,1,other:S1*
v26,ABRA,C8,decoy,S4 comment,1,1,0,pass,,0,
v26,ABRA,C10,deletion,,1,1,1,a,S1,1,orig:S1*
v26,ABRA,A1,deletion,,1,1,1,c,c1 cross-item inserted text,2,other:S1*;other:S1*
v26,ABRA,A3,decoy,S1 near-miss,1,1,1,pass,,1,orig:S2*
v26,ABRA,A5,decoy,S1 near-miss,1,1,1,pass,,2,orig:S1*;orig:S1*
v26,ABRA,A8,deletion,,1,1,2,a,S1,2,orig:S1*;other:S1*
v27,PhysAssistBench,C6,decoy,S1 near-miss,0,1,2,cross-item inserted text,,2,other:S1*;other:S1*
v27,PhysAssistBench,C12,deletion,,2,2,2,a,S1,1,orig:S1*
v27,PhysAssistBench,A3,decoy,S4 comment,0,0,0,pass,,0,
v27,PhysAssistBench,A7,deletion,,2,2,2,a,S1,2,orig:S1*;other:S1*
v27,PhysAssistBench,A8,decoy,S4 comment,1,2,1,pass,,2,orig:S1*;orig:S1*
v27,PhysAssistBench,A11,decoy,S4 comment,0,2,2,cross-item inserted text,,3,other:S1*;orig:S1*;orig:S1*
v28,ART,C2,decoy,S4 comment,1,1,1,pass,,2,other:S1*;other:S1*
v28,ART,C3,deletion,,1,1,0,pass,,0,
v28,ART,C8,decoy,S1 near-miss,0,0,0,pass,,0,
v28,ART,C10,decoy,S4 comment,0,0,0,pass,,0,
v28,ART,A7,deletion,,1,1,1,a,S1,2,orig:S1*;other:S1*
v28,ART,A8,decoy,S1 near-miss,1,1,2,cross-item inserted text,,2,orig:S1*;other:S1*
v28,ART,A9,decoy,S1 near-miss,1,1,2,cross-item inserted text,,3,orig:S1*;other:S1*;other:S1*
v29,PhysicianBench,C6,decoy,S4 comment,0,0,1,cross-item inserted text,,1,other:S1*
v29,PhysicianBench,C9,decoy,S1 near-miss,0,0,1,cross-item inserted text,,1,other:S1*
v29,PhysicianBench,A8,decoy,S1 near-miss,1,1,2,cross-item inserted text,,3,orig:S1*;orig:S1*;other:S1*
v29,PhysicianBench,A10,decoy,S1 near-miss,1,1,1,pass,,2,orig:S1*;orig:S1*
v30,MedSP1000,A2,deletion,,1,1,1,a,S1,1,orig:S1*
v30,MedSP1000,A4,decoy,S1 near-miss,1,1,1,pass,,1,orig:S1*
v30,MedSP1000,A10,deletion,,1,1,1,a,S1,1,orig:S1*
v30,MedSP1000,A11,deletion,,1,1,1,c,c1 cross-item inserted text,1,other:S1*
v31,MTBBench,C3,deletion,,1,1,0,pass,,0,
v31,MTBBench,C4,decoy,S4 comment,0,0,0,pass,,0,
v31,MTBBench,C6,decoy,S4 comment,0,0,1,cross-item inserted text,,1,other:S1*
v31,MTBBench,C11,decoy,S1 near-miss,0,0,2,cross-item inserted text,,1,other:S1*
v31,MTBBench,C12,decoy,S1 near-miss,0,0,2,cross-item inserted text,,1,other:S1*
v31,MTBBench,A1,decoy,S4 comment,0,0,1,cross-item inserted text,,1,other:S1*
v31,MTBBench,A5,deletion,,1,1,1,a,S1,2,other:S1*;orig:S1*
v32,EHR-RobustGym,C1,decoy,S4 comment,1,2,1,pass,,2,orig:S1*;orig:S1*
v32,EHR-RobustGym,C8,deletion,,1,1,0,pass,,0,
v32,EHR-RobustGym,C11,decoy,S4 comment,0,0,2,cross-item inserted text,,1,other:S1*
v32,EHR-RobustGym,C13,decoy,S4 comment,1,1,2,cross-item inserted text,,2,other:S1*;orig:S1*
v32,EHR-RobustGym,A1,deletion,,1,1,1,a,S1,2,orig:S1*;other:S1*
v32,EHR-RobustGym,A8,decoy,S1 near-miss,1,1,2,cross-item inserted text,,3,orig:S1*;orig:S1*;other:S1*
v32,EHR-RobustGym,A10,deletion,,1,1,1,a,S1,1,orig:S1*
v33,arxiv_2603.24649,C3,decoy,S4 comment,0,1,0,pass,,0,
v33,arxiv_2603.24649,C5,deletion,,1,1,1,c,c1 cross-item inserted text,1,other:S1*
v33,arxiv_2603.24649,C7,decoy,S4 comment,0,0,0,pass,,0,
v33,arxiv_2603.24649,C10,decoy,S1 near-miss,1,1,2,cross-item inserted text,,1,other:S1*
v33,arxiv_2603.24649,C13,decoy,S1 near-miss,0,0,2,cross-item inserted text,,1,other:S1*
v33,arxiv_2603.24649,A4,decoy,S4 comment,0,0,1,cross-item inserted text,,1,other:S1*
v33,arxiv_2603.24649,A7,decoy,S1 near-miss,1,1,2,near-miss credited,,3,orig:S1*;own:S1*;other:S1*
v33,arxiv_2603.24649,A10,deletion,,1,1,1,a,S1,2,orig:S1*;orig:S1*
v34,MedEvoEval,C1,deletion,,1,1,1,c,c1 cross-item inserted text,1,other:S1*
v34,MedEvoEval,C3,decoy,S4 comment,0,0,0,pass,,0,
v34,MedEvoEval,C4,decoy,S1 near-miss,1,1,1,pass,,1,orig:S1*
v34,MedEvoEval,C5,deletion,,1,1,1,c,c1 cross-item inserted text,2,other:S1*;other:S1*
v34,MedEvoEval,A1,deletion,,1,1,1,c,c1 cross-item inserted text,2,other:S1*;other:S1*
v34,MedEvoEval,A5,deletion,,1,1,1,a,S1,1,orig:S1*
v34,MedEvoEval,A6,deletion,,1,1,1,a,S1,1,orig:S1*
v34,MedEvoEval,A7,decoy,S4 comment,1,1,1,pass,,1,other:S1*
v35,ECG-Scroll,C1,deletion,,1,1,1,a,S1,1,orig:S1*
v35,ECG-Scroll,C6,deletion,,1,1,2,c,c1 cross-item inserted text,2,other:S1*;other:S1*
v35,ECG-Scroll,C7,decoy,S4 comment,1,1,1,pass,,2,other:S1*;orig:S2*
v35,ECG-Scroll,C9,decoy,S1 near-miss,0,0,1,cross-item inserted text,,1,other:S1*
v35,ECG-Scroll,C10,deletion,,1,1,2,c,c1 cross-item inserted text,1,other:S1*
v35,ECG-Scroll,A1,decoy,S1 near-miss,0,0,1,cross-item inserted text,,2,other:S1*;other:S1*
v35,ECG-Scroll,A6,deletion,,1,1,1,c,c1 cross-item inserted text,2,other:S1*;other:S1*
v35,ECG-Scroll,A11,decoy,S1 near-miss,1,1,1,pass,,1,orig:S1*
v36,MedCTA,C5,deletion,,1,1,0,pass,,0,
v36,MedCTA,C7,decoy,S1 near-miss,1,1,1,pass,,1,orig:S2*
v36,MedCTA,C8,deletion,,1,1,1,a,S1,1,orig:S1*
v36,MedCTA,C10,decoy,S4 comment,1,1,2,cross-item inserted text,,1,other:S1*
v36,MedCTA,C13,decoy,S4 comment,1,1,2,cross-item inserted text,,1,other:S1*
v36,MedCTA,A5,deletion,,1,1,1,a,S1,1,orig:S1*
v36,MedCTA,A8,decoy,S4 comment,1,1,1,pass,,2,orig:S1*;orig:S1*
v36,MedCTA,A9,decoy,S1 near-miss,1,1,1,pass,,1,other:S1*
v37,FHIR-AgentBench,C7,deletion,,1,1,1,a,S1,2,orig:S1*;orig:S1*
v37,FHIR-AgentBench,C8,deletion,,1,1,0,pass,,0,
v37,FHIR-AgentBench,C10,deletion,,1,1,0,pass,,0,
v37,FHIR-AgentBench,C12,deletion,,2,2,2,a,S1,2,orig:S1*;orig:S1*
v37,FHIR-AgentBench,C14,decoy,S4 comment,0,0,0,pass,,0,
v37,FHIR-AgentBench,A1,decoy,S4 comment,0,0,1,cross-item inserted text,,1,other:S1*
v37,FHIR-AgentBench,A2,decoy,S4 comment,0,0,0,pass,,0,
v37,FHIR-AgentBench,A9,decoy,S1 near-miss,0,0,1,cross-item inserted text,,2,other:S1*;other:S1*
v37,FHIR-AgentBench,A10,decoy,S4 comment,1,1,1,pass,,1,orig:S1*
v37,FHIR-AgentBench,A11,deletion,,2,2,1,a,S1,1,orig:S1*
v38,KlinikeBench,C4,decoy,S4 comment,0,0,0,pass,,0,
v38,KlinikeBench,C13,decoy,S4 comment,1,1,2,cross-item inserted text,,2,other:S1*;orig:S1*
v39,CodeClinic,C2,deletion,,1,1,1,a,S1,2,orig:S1*;orig:S1*
v39,CodeClinic,C5,decoy,S4 comment,1,1,1,pass,,1,other:S1*
v39,CodeClinic,C10,decoy,S4 comment,1,1,1,pass,,1,orig:S1*
v39,CodeClinic,C12,decoy,S4 comment,1,1,2,cross-item inserted text,,1,other:S1*
v39,CodeClinic,C14,deletion,,2,2,0,pass,,0,
v39,CodeClinic,A1,decoy,S1 near-miss,0,0,1,cross-item inserted text,,1,other:S1*
v39,CodeClinic,A2,decoy,S1 near-miss,1,1,0,pass,,0,
v39,CodeClinic,A6,decoy,S1 near-miss,1,1,1,pass,,1,orig:S2*
v39,CodeClinic,A7,decoy,S1 near-miss,0,0,1,cross-item inserted text,,2,other:S1*;other:S1*
v39,CodeClinic,A11,deletion,,2,2,1,a,S1,2,orig:S1*;orig:S1*
v40,EHR-ChatQA,C2,deletion,,1,1,1,c,c1 cross-item inserted text,2,other:S1*;other:S1*
v40,EHR-ChatQA,C4,decoy,S4 comment,0,0,0,pass,,0,
v40,EHR-ChatQA,C8,decoy,S1 near-miss,1,1,1,pass,,1,orig:S1*
v40,EHR-ChatQA,C13,deletion,,2,2,2,a,S2,2,other:S1*;orig:S2*
v40,EHR-ChatQA,A8,decoy,S4 comment,1,1,1,pass,,2,orig:S1*;orig:S1*
v40,EHR-ChatQA,A9,decoy,S4 comment,0,1,1,cross-item inserted text,,1,other:S1*
