coder,cluster,metric,hits,n,rate,wilson_lo,wilson_hi,cluster_lo,cluster_hi,clusters_with_cells,width_ratio
codex,variant_id,sensitivity,519,542,0.957565,0.93713,0.971559,0.938849,0.974729,39,1.042146
codex,variant_id,inject,176,187,0.941176,0.897752,0.96684,0.903226,0.972067,39,0.996434
codex,variant_id,buried,175,181,0.966851,0.929576,0.984721,0.944444,0.988636,39,0.801389
codex,variant_id,paraphrase,168,174,0.965517,0.926821,0.984102,0.936416,0.988439,38,0.908213
codex,variant_id,specificity,116,290,0.4,0.345278,0.457337,0.347682,0.455657,39,0.963561
codex,variant_id,deletion,17,117,0.145299,0.092739,0.22041,0.092857,0.2,37,0.839212
codex,variant_id,decoy,99,173,0.572254,0.497748,0.643621,0.497354,0.654321,38,1.076051
codex,item,sensitivity,519,542,0.957565,0.93713,0.971559,0.916667,0.988827,25,2.095896
codex,item,inject,176,187,0.941176,0.897752,0.96684,0.893048,0.978836,25,1.241726
codex,item,buried,175,181,0.966851,0.929576,0.984721,0.928962,0.994505,25,1.18859
codex,item,paraphrase,168,174,0.965517,0.926821,0.984102,0.923913,1.0,25,1.328317
codex,item,specificity,116,290,0.4,0.345278,0.457337,0.317241,0.480519,25,1.457077
codex,item,deletion,17,117,0.145299,0.092739,0.22041,0.067797,0.229358,23,1.265451
codex,item,decoy,99,173,0.572254,0.497748,0.643621,0.472222,0.670886,25,1.361899
sonnet,variant_id,sensitivity,527,542,0.972325,0.954843,0.983158,0.958095,0.984704,39,0.939742
sonnet,variant_id,inject,181,187,0.967914,0.931778,0.985214,0.94186,0.989418,39,0.889997
sonnet,variant_id,buried,178,181,0.983425,0.95241,0.994347,0.966019,1.0,39,0.810267
sonnet,variant_id,paraphrase,168,174,0.965517,0.926821,0.984102,0.938202,0.988827,38,0.883798
sonnet,variant_id,specificity,117,290,0.403448,0.348603,0.460818,0.353952,0.451724,39,0.871297
sonnet,variant_id,deletion,16,117,0.136752,0.085961,0.210638,0.081081,0.196429,37,0.92517
sonnet,variant_id,decoy,101,173,0.583815,0.509321,0.654667,0.517241,0.654545,38,0.94467
sonnet,item,sensitivity,527,542,0.972325,0.954843,0.983158,0.939114,0.996296,25,2.019521
sonnet,item,inject,181,187,0.967914,0.931778,0.985214,0.935829,0.994681,25,1.101362
sonnet,item,buried,178,181,0.983425,0.95241,0.994347,0.949153,1.0,25,1.212458
sonnet,item,paraphrase,168,174,0.965517,0.926821,0.984102,0.926136,0.994318,25,1.19031
sonnet,item,specificity,117,290,0.403448,0.348603,0.460818,0.316901,0.491694,25,1.557666
sonnet,item,deletion,16,117,0.136752,0.085961,0.210638,0.056452,0.22807,23,1.376504
sonnet,item,decoy,101,173,0.583815,0.509321,0.654667,0.465241,0.702532,25,1.632593
RESOLVED,variant_id,sensitivity,508,542,0.937269,0.913619,0.954765,0.916667,0.9566,39,0.97053
RESOLVED,variant_id,inject,172,187,0.919786,0.871883,0.950789,0.87931,0.95283,39,0.931747
RESOLVED,variant_id,buried,173,181,0.955801,0.915221,0.977436,0.930556,0.980769,39,0.807092
RESOLVED,variant_id,paraphrase,163,174,0.936782,0.890357,0.964337,0.901316,0.966851,38,0.885857
RESOLVED,variant_id,specificity,137,290,0.472414,0.415691,0.529858,0.419048,0.528986,39,0.962962
RESOLVED,variant_id,deletion,23,117,0.196581,0.134716,0.277737,0.138462,0.258929,37,0.842305
RESOLVED,variant_id,decoy,114,173,0.65896,0.585552,0.725461,0.586207,0.733333,38,1.051581
RESOLVED,item,sensitivity,508,542,0.937269,0.913619,0.954765,0.886792,0.979516,25,2.253505
RESOLVED,item,inject,172,187,0.919786,0.871883,0.950789,0.864865,0.968085,25,1.308152
RESOLVED,item,buried,173,181,0.955801,0.915221,0.977436,0.907104,0.994475,25,1.404333
RESOLVED,item,paraphrase,163,174,0.936782,0.890357,0.964337,0.877095,0.983425,25,1.437301
RESOLVED,item,specificity,137,290,0.472414,0.415691,0.529858,0.39,0.559322,25,1.483116
RESOLVED,item,deletion,23,117,0.196581,0.134716,0.277737,0.111111,0.293578,23,1.275807
RESOLVED,item,decoy,114,173,0.65896,0.585552,0.725461,0.550296,0.767742,25,1.554188
