item,capped_n,capped_rep,capped_full,uncapped_n,uncapped_rep,uncapped_full
C1,14,0.785714,0.071429,30,0.933333,0.133333
C2,14,1.0,0.142857,30,0.866667,0.166667
C3,14,0.928571,0.0,30,0.733333,0.0
C4,14,0.428571,0.071429,30,0.266667,0.033333
C5,14,0.642857,0.142857,30,0.5,0.033333
C6,14,0.5,0.214286,30,0.5,0.066667
C7,14,0.571429,0.0,30,0.5,0.033333
C8,14,0.428571,0.0,30,0.633333,0.0
C9,9,0.222222,0.0,15,0.066667,0.0
C10,14,0.642857,0.0,30,0.433333,0.033333
C11,14,0.0,0.0,30,0.0,0.0
C12,14,0.642857,0.357143,30,0.533333,0.366667
C13,14,0.428571,0.0,30,0.566667,0.066667
C14,14,0.785714,0.357143,30,0.466667,0.166667
A1,14,0.357143,0.142857,30,0.533333,0.033333
A2,14,0.428571,0.0,30,0.4,0.033333
A3,14,0.142857,0.071429,30,0.266667,0.133333
A4,14,0.357143,0.0,30,0.466667,0.0
A5,13,0.615385,0.230769,30,0.833333,0.033333
A6,13,0.538462,0.0,30,0.466667,0.0
A7,9,1.0,0.222222,22,0.954545,0.227273
A8,14,0.785714,0.0,30,1.0,0.033333
A9,14,0.714286,0.0,30,0.533333,0.0
A10,14,0.928571,0.071429,30,0.8,0.0
A11,14,0.785714,0.285714,30,0.866667,0.3
