bench,condition,view,divergent_all,groups_all,divergent_clean,groups_clean,mean_distinct_all,unstable_all
AgentClinic,A,full canonical sequence (current),10,10,10,10,4.8,5
AgentClinic,A,"tests only (REQUEST_TEST items, in order)",10,10,10,10,4.2,5
AgentClinic,A,diagnosis only (DIAGNOSIS item),10,10,10,10,4.0,5
AgentClinic,A,action-type sequence (ASK / REQUEST_TEST / DIAGNOSIS),10,10,10,10,4.5,5
AgentClinic,A,number of ASK turns only,10,10,10,10,3.9,5
AgentClinic,B,full canonical sequence (current),10,10,10,10,5.0,6
AgentClinic,B,"tests only (REQUEST_TEST items, in order)",10,10,10,10,4.8,6
AgentClinic,B,diagnosis only (DIAGNOSIS item),10,10,10,10,4.0,6
AgentClinic,B,action-type sequence (ASK / REQUEST_TEST / DIAGNOSIS),10,10,10,10,4.4,6
AgentClinic,B,number of ASK turns only,10,10,10,10,4.2,6
RadABench,A,full canonical sequence (current),9,10,3,3,2.4,1
RadABench,A,tool-name-only sequence (no arguments),6,10,1,3,1.6,1
RadABench,A,tool-name set (unordered),4,10,0,3,1.4,1
RadABench,B,full canonical sequence (current),10,10,2,2,3.4,2
RadABench,B,tool-name-only sequence (no arguments),7,10,2,2,2.3,2
RadABench,B,tool-name set (unordered),7,10,2,2,2.0,2
synthetic_hospital,A,full canonical sequence (current),5,10,3,8,1.5,1
synthetic_hospital,A,tool-name-only sequence (no arguments),4,10,2,8,1.4,1
synthetic_hospital,A,tool-name set (unordered),4,10,2,8,1.4,1
synthetic_hospital,A,final submission only (submit_diagnosis call),5,10,3,8,1.5,1
synthetic_hospital,B,full canonical sequence (current),10,10,4,4,4.6,4
synthetic_hospital,B,tool-name-only sequence (no arguments),8,10,2,4,2.8,4
synthetic_hospital,B,tool-name set (unordered),8,10,2,4,2.3,4
synthetic_hospital,B,final submission only (submit_diagnosis call),10,10,4,4,4.6,4
