item,module,n_applicable,n_na,n_reported,share_reported,reported_lo,reported_hi,n_full,share_full,full_lo,full_hi,alpha,alpha_lo,alpha_hi,alpha_units,alpha_benchmarks,n_pairs_both_scored,exact_agreement,agreement_reported_ge1,agreement_full_eq2
C1,core,44,0,39,0.886364,0.760208,0.950472,5,0.113636,0.049528,0.239792,0.60155,0.284932,0.834312,44,44,44,0.818182,0.954545,0.863636
C2,core,44,0,40,0.909091,0.788408,0.964078,7,0.159091,0.079267,0.293662,0.587935,0.284668,0.815268,44,44,44,0.818182,0.954545,0.863636
C3,core,44,0,35,0.795455,0.654994,0.888467,0,0.0,0.0,0.080296,0.461654,-0.023529,0.801352,44,44,44,0.863636,0.886364,0.977273
C4,core,44,0,14,0.318182,0.199993,0.465569,2,0.045455,0.012555,0.15135,0.825602,0.624504,0.957254,44,44,44,0.886364,0.909091,0.977273
C5,core,44,0,24,0.545455,0.400662,0.682948,3,0.068182,0.023459,0.18225,0.813465,0.622121,0.960735,44,44,44,0.886364,0.886364,1.0
C6,core,44,0,22,0.5,0.358318,0.641682,5,0.113636,0.049528,0.239792,0.772652,0.606261,0.882456,44,44,44,0.681818,0.909091,0.772727
C7,core,44,0,23,0.522727,0.379355,0.66245,1,0.022727,0.004023,0.118077,0.379387,0.054366,0.633523,44,44,44,0.681818,0.704545,0.977273
C8,core,44,0,25,0.568182,0.422241,0.703173,0,0.0,0.0,0.080296,0.489046,0.157151,0.75008,44,44,44,0.772727,0.772727,1.0
C9,core,24,20,3,0.125,0.043443,0.310039,0,0.0,0.0,0.137976,0.513889,0.0,0.879121,44,44,18,0.777778,0.777778,1.0
C10,core,44,0,22,0.5,0.358318,0.641682,1,0.022727,0.004023,0.118077,0.195706,-0.130245,0.486122,44,44,44,0.590909,0.613636,0.977273
C11,core,44,0,0,0.0,0.0,0.080296,0,0.0,0.0,0.080296,0.0,-0.035714,0.0,44,44,44,0.977273,0.977273,1.0
C12,core,44,0,25,0.568182,0.422241,0.703173,16,0.363636,0.237835,0.511336,0.913868,0.764251,1.0,44,44,44,0.931818,0.931818,0.977273
C13,core,44,0,23,0.522727,0.379355,0.66245,2,0.045455,0.012555,0.15135,0.601316,0.309948,0.809477,44,44,44,0.772727,0.840909,0.931818
C14,core,44,0,25,0.568182,0.422241,0.703173,10,0.227273,0.128419,0.369924,0.914032,0.803226,0.982235,44,44,44,0.909091,0.931818,0.977273
A1,agent,44,0,21,0.477273,0.33755,0.620645,3,0.068182,0.023459,0.18225,0.73378,0.520601,0.880589,44,44,44,0.795455,0.840909,0.954545
A2,agent,44,0,18,0.409091,0.276879,0.555902,1,0.022727,0.004023,0.118077,0.747956,0.505426,0.915652,44,44,44,0.863636,0.863636,1.0
A3,agent,44,0,10,0.227273,0.128419,0.369924,5,0.113636,0.049528,0.239792,0.95332,0.848797,1.0,44,44,44,0.931818,0.977273,0.954545
A4,agent,44,0,19,0.431818,0.296827,0.577759,0,0.0,0.0,0.080296,0.814103,0.590267,0.954852,44,44,44,0.909091,0.909091,1.0
A5,agent,43,1,33,0.767442,0.622555,0.868463,4,0.093023,0.036772,0.216027,0.54281,0.173012,0.809467,44,44,43,0.837209,0.906977,0.930233
A6,agent,43,1,21,0.488372,0.346174,0.632477,0,0.0,0.0,0.08201,0.559288,0.271399,0.800915,44,44,43,0.790698,0.813953,0.976744
A7,agent,31,13,30,0.967742,0.838059,0.994283,7,0.225806,0.113951,0.398124,0.015573,-0.358824,0.348291,44,44,30,0.5,1.0,0.5
A8,agent,44,0,41,0.931818,0.81775,0.976541,1,0.022727,0.004023,0.118077,0.560984,-0.035714,1.0,44,44,44,0.931818,1.0,0.931818
A9,agent,44,0,26,0.590909,0.444098,0.723121,0,0.0,0.0,0.080296,0.52459,0.207125,0.784119,44,44,44,0.795455,0.795455,1.0
A10,agent,44,0,37,0.840909,0.706338,0.920733,1,0.022727,0.004023,0.118077,0.406818,-0.011628,0.752771,44,44,44,0.863636,0.931818,0.931818
A11,agent,44,0,37,0.840909,0.706338,0.920733,13,0.295455,0.181555,0.442202,0.847616,0.659909,0.968417,44,44,44,0.909091,1.0,0.909091
