item,n_full,n_excl,reported_full,reported_excl,full_full,full_excl,alpha_full,alpha_excl,alpha_excl_lo,alpha_excl_hi
C1,44,39,0.886364,0.871795,0.113636,0.102564,0.60155,0.60639,0.277849,0.838828
C2,44,39,0.909091,0.897436,0.159091,0.153846,0.587935,0.546937,0.227966,0.797863
C3,44,39,0.795455,0.820513,0.0,0.0,0.461654,0.581048,0.008435,0.895522
C4,44,39,0.318182,0.307692,0.045455,0.051282,0.825602,0.805936,0.599405,0.950286
C5,44,39,0.545455,0.538462,0.068182,0.076923,0.813465,0.795639,0.572244,0.956439
C6,44,39,0.5,0.487179,0.113636,0.102564,0.772652,0.777401,0.59607,0.890201
C7,44,39,0.522727,0.512821,0.022727,0.025641,0.379387,0.364305,0.014815,0.62997
C8,44,39,0.568182,0.564103,0.0,0.0,0.489046,0.508923,0.175542,0.77796
C9,24,21,0.125,0.095238,0.0,0.0,0.513889,0.45,-0.125,0.869565
C10,44,39,0.5,0.487179,0.022727,0.025641,0.195706,0.145007,-0.220377,0.45502
C11,44,39,0.0,0.0,0.0,0.0,0.0,0.0,-0.026667,0.0
C12,44,39,0.568182,0.538462,0.363636,0.384615,0.913868,0.906951,0.740192,1.0
C13,44,39,0.522727,0.538462,0.045455,0.025641,0.601316,0.627704,0.322569,0.833165
C14,44,39,0.568182,0.589744,0.227273,0.205128,0.914032,0.892081,0.755532,0.979473
A1,44,39,0.477273,0.487179,0.068182,0.025641,0.73378,0.650295,0.400614,0.842487
A2,44,39,0.409091,0.410256,0.022727,0.025641,0.747956,0.718654,0.475709,0.910476
A3,44,39,0.227273,0.230769,0.113636,0.128205,0.95332,0.991453,0.96951,1.0
A4,44,39,0.431818,0.435897,0.0,0.0,0.814103,0.786111,0.56,0.949242
A5,43,39,0.767442,0.769231,0.093023,0.102564,0.54281,0.54359,0.171795,0.797863
A6,43,39,0.488372,0.512821,0.0,0.0,0.559288,0.542469,0.225941,0.784934
A7,31,28,0.967742,0.964286,0.225806,0.25,0.015573,-0.019231,-0.397917,0.342657
A8,44,39,0.931818,0.923077,0.022727,0.0,0.560984,0.399795,-0.069444,1.0
A9,44,39,0.590909,0.641026,0.0,0.0,0.52459,0.468966,0.103704,0.762346
A10,44,39,0.840909,0.820513,0.022727,0.025641,0.406818,0.450024,-0.011504,0.802564
A11,44,39,0.840909,0.820513,0.295455,0.282051,0.847616,0.83276,0.634744,0.962627
