cutoff,condition,episodes_pass,episodes,pass_hat_1,pass_hat_2,pass_hat_3,pass_hat_4,pass_hat_5,unstable_n,tasks,pass1_bayes_lo,pass1_bayes_hi,is_frozen_cutoff
0.3,A,19,50,0.38,0.36,0.34,0.32,0.3,1,10,0.131621,0.667062,False
0.3,B,13,50,0.26,0.17,0.14,0.12,0.1,4,10,0.094296,0.494273,False
0.4,A,19,50,0.38,0.36,0.34,0.32,0.3,1,10,0.131621,0.667062,False
0.4,B,11,50,0.22,0.13,0.08,0.04,0.0,4,10,0.067665,0.430977,False
0.5,A,19,50,0.38,0.36,0.34,0.32,0.3,1,10,0.131621,0.667062,True
0.5,B,11,50,0.22,0.13,0.08,0.04,0.0,4,10,0.067665,0.430977,True
0.6,A,4,50,0.08,0.06,0.04,0.02,0.0,1,10,0.002318,0.267745,False
0.6,B,3,50,0.06,0.01,0.0,0.0,0.0,2,10,0.007996,0.154318,False
0.7,A,4,50,0.08,0.06,0.04,0.02,0.0,1,10,0.002318,0.267745,False
0.7,B,1,50,0.02,0.0,0.0,0.0,0.0,1,10,0.00058,0.066936,False
