bench,condition,k,pass_hat_k,pct_lo,pct_hi,bayes_lo,bayes_hi,pct_zero_width,pct_single_task_support,pct_lower_at_zero,tasks_nonzero,bayes_zero_width,exact_lo,exact_hi,exact_kind,exact_deff_lo,exact_deff_hi,n_boot_pct,n_draw_bayes,seed
AgentClinic,A,1,0.46,0.22,0.68,0.24116,0.683245,False,False,False,7,False,0.318149,0.606758,"CP pooled 50 episodes, independence assumed",0.218059,0.71671,2000,20000,20261004
AgentClinic,A,2,0.33,0.12975,0.57,0.136085,0.578222,False,False,False,6,False,,,,,,2000,20000,20261004
AgentClinic,A,3,0.26,0.05,0.52,0.080118,0.523769,False,False,False,5,False,,,,,,2000,20000,20261004
AgentClinic,A,4,0.22,0.02,0.5,0.045012,0.494489,False,False,False,3,False,,,,,,2000,20000,20261004
AgentClinic,A,5,0.2,0.0,0.5,0.028039,0.482082,False,False,True,2,False,0.025211,0.556095,CP on 10 tasks (binary per task),,,2000,20000,20261004
AgentClinic,B,1,0.3,0.12,0.4805,0.133202,0.497965,False,False,False,6,False,0.178618,0.446082,"CP pooled 50 episodes, independence assumed",0.11997,0.540899,2000,20000,20261004
AgentClinic,B,2,0.16,0.03,0.31,0.046815,0.319744,False,False,False,4,False,,,,,,2000,20000,20261004
AgentClinic,B,3,0.09,0.01,0.2,0.019215,0.199175,False,False,False,3,False,,,,,,2000,20000,20261004
AgentClinic,B,4,0.04,0.0,0.1,0.005608,0.096416,False,False,True,2,False,,,,,,2000,20000,20261004
AgentClinic,B,5,0.0,0.0,0.0,0.0,0.0,True,False,True,0,True,0.0,0.308497,CP on 10 tasks (binary per task),,,2000,20000,20261004
RadABench,A,1,0.16,0.0,0.4,0.022377,0.400273,False,False,True,2,False,0.071701,0.291126,"CP pooled 50 episodes, independence assumed",0.0186,0.477385,2000,20000,20261004
RadABench,A,2,0.13,0.0,0.36,0.015473,0.360095,False,False,True,2,False,,,,,,2000,20000,20261004
RadABench,A,3,0.11,0.0,0.32,0.009382,0.342925,False,False,True,2,False,,,,,,2000,20000,20261004
RadABench,A,4,0.1,0.0,0.3,0.002984,0.334251,False,True,True,1,False,,,,,,2000,20000,20261004
RadABench,A,5,0.1,0.0,0.3,0.002984,0.334251,False,True,True,1,False,0.002529,0.445016,CP on 10 tasks (binary per task),,,2000,20000,20261004
RadABench,B,1,0.2,0.0,0.46,0.042023,0.454574,False,False,True,3,False,0.100302,0.337183,"CP pooled 50 episodes, independence assumed",0.033902,0.516539,2000,20000,20261004
RadABench,B,2,0.16,0.0,0.4,0.022377,0.400273,False,False,True,2,False,,,,,,2000,20000,20261004
RadABench,B,3,0.14,0.0,0.38,0.017909,0.371882,False,False,True,2,False,,,,,,2000,20000,20261004
RadABench,B,4,0.12,0.0,0.34,0.012715,0.35059,False,False,True,2,False,,,,,,2000,20000,20261004
RadABench,B,5,0.1,0.0,0.3,0.002984,0.334251,False,True,True,1,False,0.002529,0.445016,CP on 10 tasks (binary per task),,,2000,20000,20261004
synthetic_hospital,A,1,0.38,0.1,0.68,0.131621,0.667062,False,False,False,4,False,0.246501,0.528251,"CP pooled 50 episodes, independence assumed",0.115966,0.711103,2000,20000,20261004
synthetic_hospital,A,2,0.36,0.1,0.6405,0.122918,0.642746,False,False,False,4,False,,,,,,2000,20000,20261004
synthetic_hospital,A,3,0.34,0.1,0.6005,0.1125,0.625687,False,False,False,4,False,,,,,,2000,20000,20261004
synthetic_hospital,A,4,0.32,0.06,0.6,0.09891,0.612321,False,False,False,4,False,,,,,,2000,20000,20261004
synthetic_hospital,A,5,0.3,0.0,0.6,0.076166,0.601313,False,False,True,3,False,0.06674,0.652453,CP on 10 tasks (binary per task),,,2000,20000,20261004
synthetic_hospital,B,1,0.22,0.04,0.42,0.067665,0.430977,False,False,False,4,False,0.115266,0.359612,"CP pooled 50 episodes, independence assumed",0.058148,0.487171,2000,20000,20261004
synthetic_hospital,B,2,0.13,0.0,0.3,0.026629,0.295789,False,False,True,3,False,,,,,,2000,20000,20261004
synthetic_hospital,B,3,0.08,0.0,0.2,0.011434,0.192549,False,False,True,2,False,,,,,,2000,20000,20261004
synthetic_hospital,B,4,0.04,0.0,0.1,0.005717,0.096274,False,False,True,2,False,,,,,,2000,20000,20261004
synthetic_hospital,B,5,0.0,0.0,0.0,0.0,0.0,True,False,True,0,True,0.0,0.308497,CP on 10 tasks (binary per task),,,2000,20000,20261004
