item,module,title,n_applicable,n_applicable_union,reported_current,reported_union,reported_union_raw,reported_lo_ci,reported_hi_ci,full_current,full_union,full_union_raw,full_lo_ci,full_hi_ci
C1,core,Traceability,44,44,0.886364,0.977273,0.977273,0.760208,0.995977,0.113636,0.272727,0.272727,0.049528,0.418489
C2,core,Provenance and licence,44,44,0.909091,1.0,1.0,0.788408,1.0,0.159091,0.295455,0.295455,0.079267,0.442202
C3,core,Representativeness,44,44,0.795455,0.931818,0.931818,0.654994,0.976541,0.0,0.022727,0.022727,0.0,0.118077
C4,core,Safety and bias tests,44,44,0.318182,0.409091,0.409091,0.199993,0.555902,0.045455,0.068182,0.068182,0.012555,0.18225
C5,core,Contamination controls,44,44,0.545455,0.659091,0.659091,0.400662,0.781242,0.068182,0.068182,0.068182,0.023459,0.18225
C6,core,Agent isolated from gold,44,44,0.5,0.636364,0.636364,0.358318,0.762165,0.113636,0.318182,0.340909,0.049528,0.465569
C7,core,Frozen environment,44,44,0.522727,0.818182,0.840909,0.379355,0.904872,0.022727,0.045455,0.045455,0.004023,0.15135
C8,core,Oracle solver,44,44,0.568182,0.840909,0.840909,0.422241,0.920733,0.0,0.022727,0.022727,0.0,0.118077
C9,core,Out-of-scope side effects detectable,24,24,0.125,0.375,0.375,0.043443,0.5729,0.0,0.0,0.0,0.0,0.137976
C10,core,Trivial success unlikely,44,44,0.5,0.840909,0.886364,0.358318,0.920733,0.022727,0.045455,0.045455,0.004023,0.15135
C11,core,Trivial-agent result,44,44,0.0,0.022727,0.022727,0.0,0.118077,0.0,0.0,0.0,0.0,0.080296
C12,core,Evaluator validated,44,44,0.568182,0.704545,0.704545,0.422241,0.818445,0.363636,0.431818,0.431818,0.237835,0.577759
C13,core,Non-determinism safeguards,44,44,0.522727,0.772727,0.886364,0.379355,0.871581,0.045455,0.136364,0.136364,0.012555,0.267095
C14,core,Statistical comparison,44,44,0.568182,0.772727,0.772727,0.422241,0.871581,0.227273,0.272727,0.272727,0.128419,0.418489
A1,agent,Run count per reported number (e).,44,44,0.477273,0.704545,0.727273,0.33755,0.818445,0.068182,0.136364,0.136364,0.023459,0.267095
A2,agent,Uncertainty with stated resampling unit (e).,44,44,0.409091,0.545455,0.568182,0.276879,0.682948,0.022727,0.022727,0.022727,0.004023,0.118077
A3,agent,Action-level repeat-run reliability (a).,44,44,0.227273,0.295455,0.295455,0.128419,0.442202,0.113636,0.181818,0.181818,0.049528,0.319606
A4,agent,Model and harness pinning (a/e).,44,44,0.431818,0.568182,0.636364,0.296827,0.703173,0.0,0.0,0.0,0.0,0.080296
A5,agent,Tool contract specified (b).,43,43,0.767442,0.953488,1.0,0.622555,0.987151,0.093023,0.139535,0.162791,0.036772,0.272636
A6,agent,Tool contract verified (b).,43,43,0.488372,0.767442,0.790698,0.346174,0.868463,0.0,0.023256,0.023256,0.0,0.12059
A7,agent,Write-action disclosure (d).,31,31,0.967742,1.0,1.0,0.838059,1.0,0.225806,0.709677,0.709677,0.113951,0.839042
A8,agent,"Grader reads state, or justifies transcript grading (c).",44,44,0.931818,0.977273,0.977273,0.81775,0.995977,0.022727,0.090909,0.090909,0.004023,0.211592
A9,agent,Agent-channel contamination (f).,44,44,0.590909,0.795455,0.795455,0.444098,0.888467,0.0,0.0,0.0,0.0,0.080296
A10,agent,Slice reporting (g).,44,44,0.840909,0.954545,0.977273,0.706338,0.987445,0.022727,0.090909,0.090909,0.004023,0.211592
A11,agent,Environment-state provenance (h).,44,44,0.840909,0.931818,0.931818,0.706338,0.976541,0.295455,0.386364,0.409091,0.181555,0.533764
