item,cells_with_flag,cells_flag_verified_quote,cells_flag_two_families,coder_flags,status
C1,0,0,0,0,candidate flags only until checked against the benchmark's documentation and offered right of reply
C2,1,1,0,1,candidate flags only until checked against the benchmark's documentation and offered right of reply
C3,0,0,0,0,candidate flags only until checked against the benchmark's documentation and offered right of reply
C4,0,0,0,0,candidate flags only until checked against the benchmark's documentation and offered right of reply
C5,0,0,0,0,candidate flags only until checked against the benchmark's documentation and offered right of reply
C6,3,3,1,4,candidate flags only until checked against the benchmark's documentation and offered right of reply
C7,2,2,0,2,candidate flags only until checked against the benchmark's documentation and offered right of reply
C8,0,0,0,0,candidate flags only until checked against the benchmark's documentation and offered right of reply
C9,0,0,0,0,candidate flags only until checked against the benchmark's documentation and offered right of reply
C10,0,0,0,0,candidate flags only until checked against the benchmark's documentation and offered right of reply
C11,0,0,0,0,candidate flags only until checked against the benchmark's documentation and offered right of reply
C12,0,0,0,0,candidate flags only until checked against the benchmark's documentation and offered right of reply
C13,0,0,0,0,candidate flags only until checked against the benchmark's documentation and offered right of reply
C14,0,0,0,0,candidate flags only until checked against the benchmark's documentation and offered right of reply
A1,0,0,0,0,candidate flags only until checked against the benchmark's documentation and offered right of reply
A2,0,0,0,0,candidate flags only until checked against the benchmark's documentation and offered right of reply
A3,0,0,0,0,candidate flags only until checked against the benchmark's documentation and offered right of reply
A4,4,4,0,4,candidate flags only until checked against the benchmark's documentation and offered right of reply
A5,2,2,0,2,candidate flags only until checked against the benchmark's documentation and offered right of reply
A6,2,2,0,2,candidate flags only until checked against the benchmark's documentation and offered right of reply
A7,0,0,0,0,candidate flags only until checked against the benchmark's documentation and offered right of reply
A8,0,0,0,0,candidate flags only until checked against the benchmark's documentation and offered right of reply
A9,2,2,0,2,candidate flags only until checked against the benchmark's documentation and offered right of reply
A10,0,0,0,0,candidate flags only until checked against the benchmark's documentation and offered right of reply
A11,1,1,0,1,candidate flags only until checked against the benchmark's documentation and offered right of reply
