bench,id,benchmark_name,reason
clindef,arxiv:2512.23440,ClinDEF,rule_applied: R4
clinicalagent-bench,arxiv:2410.17657,ClinicalAgent Bench (CAB),rule_applied: R1
diaggym-diagbench,arxiv:2510.24654,DiagGym/DiagBench,rule_applied: R1
evimed,arxiv:2601.19773,EviMed / interactive evidence-elicitation evaluation,rule_applied: R4
h-adminsim,arxiv:2602.05407,H-AdminSim,rule_applied: R6
healthcare-ai-gym,arxiv:2605.02943,Healthcare AI GYM,rule_applied: R1
med-inquire,arxiv:2601.22964,Med-Inquire (EvoClinician),rule_applied: R1
medagentbench-v2,pubmed:41758153,MedAgentBench v2,rule_applied: R1 (300 new verified tasks); never executed; decision changed X1 -> INCLUDE (R1 (300 new verified tasks); never executed)
medagentsim,arxiv:2503.22678,MedAgentSim,rule_applied: R4
medimageedu,arxiv:2604.14656,MedImageEdu,rule_applied: R6
medsp1000,arxiv:2606.05112,MedSP1000,rule_applied: R4
openhospital,arxiv:2603.14771,OpenHospital,rule_applied: R1
rha-safety,arxiv:2604.26577,Robotic health attendant safety dataset,rule_applied: R6 (care setting)
vivabench,arxiv:2510.10278,VivaBench,rule_applied: R4
