item,n_all,reported_all,n_excl,reported_excl,reported_diff,full_all,full_excl,full_diff
C1,44,0.886364,30,0.9,0.013636,0.113636,0.166667,0.05303
C2,44,0.909091,30,0.9,-0.009091,0.159091,0.2,0.040909
C3,44,0.795455,30,0.833333,0.037879,0.0,0.0,0.0
C4,44,0.318182,30,0.3,-0.018182,0.045455,0.033333,-0.012121
C5,44,0.545455,30,0.633333,0.087879,0.068182,0.066667,-0.001515
C6,44,0.5,30,0.6,0.1,0.113636,0.133333,0.019697
C7,44,0.522727,30,0.7,0.177273,0.022727,0.033333,0.010606
C8,44,0.568182,30,0.666667,0.098485,0.0,0.0,0.0
C9,24,0.125,16,0.125,0.0,0.0,0.0,0.0
C10,44,0.5,30,0.666667,0.166667,0.022727,0.033333,0.010606
C11,44,0.0,30,0.0,0.0,0.0,0.0,0.0
C12,44,0.568182,30,0.6,0.031818,0.363636,0.366667,0.00303
C13,44,0.522727,30,0.566667,0.043939,0.045455,0.066667,0.021212
C14,44,0.568182,30,0.466667,-0.101515,0.227273,0.2,-0.027273
A1,44,0.477273,30,0.5,0.022727,0.068182,0.1,0.031818
A2,44,0.409091,30,0.466667,0.057576,0.022727,0.033333,0.010606
A3,44,0.227273,30,0.3,0.072727,0.113636,0.166667,0.05303
A4,44,0.431818,30,0.366667,-0.065152,0.0,0.0,0.0
A5,43,0.767442,29,0.827586,0.060144,0.093023,0.103448,0.010425
A6,43,0.488372,29,0.517241,0.028869,0.0,0.0,0.0
A7,31,0.967742,19,1.0,0.032258,0.225806,0.315789,0.089983
A8,44,0.931818,30,0.966667,0.034848,0.022727,0.033333,0.010606
A9,44,0.590909,30,0.6,0.009091,0.0,0.0,0.0
A10,44,0.840909,30,0.866667,0.025758,0.022727,0.033333,0.010606
A11,44,0.840909,30,0.866667,0.025758,0.295455,0.4,0.104545
