item,module,title,rule,n_cells,n_na,n_applicable,n_reported,share_reported,reported_lo,reported_hi,n_full,share_full,full_lo,full_hi,n_fallback
C1,core,Traceability,resolved,44,0,44,39,0.886364,0.760208,0.950472,5,0.113636,0.049528,0.239792,4
C2,core,Provenance and licence,resolved,44,0,44,40,0.909091,0.788408,0.964078,7,0.159091,0.079267,0.293662,4
C3,core,Representativeness,resolved,44,0,44,35,0.795455,0.654994,0.888467,0,0.0,0.0,0.080296,6
C4,core,Safety and bias tests,resolved,44,0,44,14,0.318182,0.199993,0.465569,2,0.045455,0.012555,0.15135,4
C5,core,Contamination controls,resolved,44,0,44,24,0.545455,0.400662,0.682948,3,0.068182,0.023459,0.18225,5
C6,core,Agent isolated from gold,resolved,44,0,44,22,0.5,0.358318,0.641682,5,0.113636,0.049528,0.239792,6
C7,core,Frozen environment,resolved,44,0,44,23,0.522727,0.379355,0.66245,1,0.022727,0.004023,0.118077,14
C8,core,Oracle solver,resolved,44,0,44,25,0.568182,0.422241,0.703173,0,0.0,0.0,0.080296,12
C9,core,Out-of-scope side effects detectable,resolved,44,20,24,3,0.125,0.043443,0.310039,0,0.0,0.0,0.137976,11
C10,core,Trivial success unlikely,resolved,44,0,44,22,0.5,0.358318,0.641682,1,0.022727,0.004023,0.118077,17
C11,core,Trivial-agent result,resolved,44,0,44,0,0.0,0.0,0.080296,0,0.0,0.0,0.080296,1
C12,core,Evaluator validated,resolved,44,0,44,25,0.568182,0.422241,0.703173,16,0.363636,0.237835,0.511336,6
C13,core,Non-determinism safeguards,resolved,44,0,44,23,0.522727,0.379355,0.66245,2,0.045455,0.012555,0.15135,16
C14,core,Statistical comparison,resolved,44,0,44,25,0.568182,0.422241,0.703173,10,0.227273,0.128419,0.369924,9
A1,agent,Run count per reported number (e).,resolved,44,0,44,21,0.477273,0.33755,0.620645,3,0.068182,0.023459,0.18225,11
A2,agent,Uncertainty with stated resampling unit (e).,resolved,44,0,44,18,0.409091,0.276879,0.555902,1,0.022727,0.004023,0.118077,7
A3,agent,Action-level repeat-run reliability (a).,resolved,44,0,44,10,0.227273,0.128419,0.369924,5,0.113636,0.049528,0.239792,3
A4,agent,Model and harness pinning (a/e).,resolved,44,0,44,19,0.431818,0.296827,0.577759,0,0.0,0.0,0.080296,9
A5,agent,Tool contract specified (b).,resolved,44,1,43,33,0.767442,0.622555,0.868463,4,0.093023,0.036772,0.216027,10
A6,agent,Tool contract verified (b).,resolved,44,1,43,21,0.488372,0.346174,0.632477,0,0.0,0.0,0.08201,13
A7,agent,Write-action disclosure (d).,resolved,44,13,31,30,0.967742,0.838059,0.994283,7,0.225806,0.113951,0.398124,1
A8,agent,"Grader reads state, or justifies transcript grading (c).",resolved,44,0,44,41,0.931818,0.81775,0.976541,1,0.022727,0.004023,0.118077,2
A9,agent,Agent-channel contamination (f).,resolved,44,0,44,26,0.590909,0.444098,0.723121,0,0.0,0.0,0.080296,9
A10,agent,Slice reporting (g).,resolved,44,0,44,37,0.840909,0.706338,0.920733,1,0.022727,0.004023,0.118077,6
A11,agent,Environment-state provenance (h).,resolved,44,0,44,37,0.840909,0.706338,0.920733,13,0.295455,0.181555,0.442202,4
C1,core,Traceability,majority,44,0,44,41,0.931818,0.81775,0.976541,6,0.136364,0.06403,0.267095,
C2,core,Provenance and licence,majority,44,0,44,42,0.954545,0.84865,0.987445,7,0.159091,0.079267,0.293662,
C3,core,Representativeness,majority,44,0,44,36,0.818182,0.680394,0.904872,0,0.0,0.0,0.080296,
C4,core,Safety and bias tests,majority,44,0,44,14,0.318182,0.199993,0.465569,2,0.045455,0.012555,0.15135,
C5,core,Contamination controls,majority,44,0,44,24,0.545455,0.400662,0.682948,3,0.068182,0.023459,0.18225,
C6,core,Agent isolated from gold,majority,44,0,44,24,0.545455,0.400662,0.682948,5,0.113636,0.049528,0.239792,
C7,core,Frozen environment,majority,44,0,44,24,0.545455,0.400662,0.682948,1,0.022727,0.004023,0.118077,
C8,core,Oracle solver,majority,44,0,44,27,0.613636,0.466236,0.742788,1,0.022727,0.004023,0.118077,
C9,core,Out-of-scope side effects detectable,majority,44,20,24,4,0.166667,0.066787,0.358531,0,0.0,0.0,0.137976,
C10,core,Trivial success unlikely,majority,44,0,44,22,0.5,0.358318,0.641682,1,0.022727,0.004023,0.118077,
C11,core,Trivial-agent result,majority,44,0,44,0,0.0,0.0,0.080296,0,0.0,0.0,0.080296,
C12,core,Evaluator validated,majority,44,0,44,28,0.636364,0.488664,0.762165,18,0.409091,0.276879,0.555902,
C13,core,Non-determinism safeguards,majority,44,0,44,32,0.727273,0.581511,0.836536,3,0.068182,0.023459,0.18225,
C14,core,Statistical comparison,majority,44,0,44,31,0.704545,0.557798,0.818445,11,0.25,0.145742,0.394406,
A1,agent,Run count per reported number (e).,majority,44,0,44,25,0.568182,0.422241,0.703173,4,0.090909,0.035922,0.211592,
A2,agent,Uncertainty with stated resampling unit (e).,majority,44,0,44,19,0.431818,0.296827,0.577759,1,0.022727,0.004023,0.118077,
A3,agent,Action-level repeat-run reliability (a).,majority,44,0,44,12,0.272727,0.163464,0.418489,6,0.136364,0.06403,0.267095,
A4,agent,Model and harness pinning (a/e).,majority,44,0,44,24,0.545455,0.400662,0.682948,0,0.0,0.0,0.080296,
A5,agent,Tool contract specified (b).,majority,44,1,43,39,0.906977,0.783973,0.963228,4,0.093023,0.036772,0.216027,
A6,agent,Tool contract verified (b).,majority,44,1,43,26,0.604651,0.455791,0.736347,0,0.0,0.0,0.08201,
A7,agent,Write-action disclosure (d).,majority,44,13,31,30,0.967742,0.838059,0.994283,7,0.225806,0.113951,0.398124,
A8,agent,"Grader reads state, or justifies transcript grading (c).",majority,44,0,44,43,0.977273,0.881923,0.995977,1,0.022727,0.004023,0.118077,
A9,agent,Agent-channel contamination (f).,majority,44,0,44,26,0.590909,0.444098,0.723121,0,0.0,0.0,0.080296,
A10,agent,Slice reporting (g).,majority,44,0,44,40,0.909091,0.788408,0.964078,1,0.022727,0.004023,0.118077,
A11,agent,Environment-state provenance (h).,majority,44,0,44,41,0.931818,0.81775,0.976541,14,0.318182,0.199993,0.465569,
