bench,cells_with_flag,cells_flag_verified_quote,cells_flag_two_families,items
abra,4,4,0,A11;A4;A6;C2
agentclinic,1,1,0,C7
art,0,0,0,
clindef,0,0,0,
clinenv,1,1,0,A5
clinicalagent-bench,0,0,0,
clinicare-bench,0,0,0,
codeclinic,0,0,0,
cp-env,0,0,0,
deeptumorvqa,3,3,0,A4;A5;A6
diaggym-diagbench,0,0,0,
ecg-scroll,1,1,1,C6
ehr-chatqa,0,0,0,
ehr-complex,0,0,0,
ehr-robustgym,0,0,0,
evimed,0,0,0,
fhir-agentbench,0,0,0,
fhir-agenteval,0,0,0,
gpagentbench-2k,0,0,0,
h-adminsim,0,0,0,
healthagentbench,2,2,0,A9;C6
healthcare-ai-gym,3,3,0,A11;A6;C2
klinikebench,2,2,0,A9;C6
med-inquire,2,2,0,A9;C6
medagentbench-v1,0,0,0,
medagentbench-v2,0,0,0,
medagentsim,0,0,0,
medcta,0,0,0,
medcua-bench,0,0,0,
medevoeval,0,0,0,
medflowbench,0,0,0,
medimageedu,0,0,0,
medmcp-calc,0,0,0,
medsp1000,3,3,2,A4;C13;C2
mentalhospital,0,0,0,
mtbbench,0,0,0,
openhospital,0,0,0,
patientagentbench,0,0,0,
physassistbench,2,2,0,A4;C7
physicianbench,1,1,0,A4
rada-benchplat,0,0,0,
rha-safety,1,1,0,C14
synthetic-hospital,0,0,0,
vivabench,0,0,0,
