set,coder,item,title,flag_agreement_lt_0.5,n,agree,agreement,agree_lo,agree_hi,within_one,n_over,n_under,share_over_of_disagree,over_lo,over_hi
ABC,codex,R.1,Benchmark is fully or at least partially open-sourced.,,9,9,1.0,0.700855,1.0,1.0,0,0,,,
ABC,codex,R.2,Benchmark offers an open-source evaluation harness.,,9,8,0.888889,0.565,0.980109,1.0,0,1,0.0,0.0,0.793451
ABC,codex,R.3,"Measures to prevent data contamination, such as a private held-out tes",,9,6,0.666667,0.354202,0.879416,1.0,2,1,0.666667,0.20766,0.938508
ABC,codex,R.4,Measures or plans to update challenges over time to avoid overfitting.,FLAG,9,3,0.333333,0.120584,0.645798,1.0,6,0,1.0,0.609666,1.0
ABC,codex,R.5,States the relationship between the agent capabilities evaluated and t,,9,9,1.0,0.700855,1.0,1.0,0,0,,,
ABC,codex,R.6,States the evaluation subject of the benchmark (a model or an agent fr,,9,8,0.888889,0.565,0.980109,1.0,0,1,0.0,0.0,0.793451
ABC,codex,R.7,"Describes steps taken to prevent, identify and correct flaws.",,9,7,0.777778,0.452589,0.936775,1.0,2,0,1.0,0.34238,1.0
ABC,codex,R.8,Qualitative discussion of the impact of unavoidable flaws.,,9,5,0.555556,0.266651,0.811221,1.0,4,0,1.0,0.510109,1.0
ABC,codex,R.9,"Quantitative analysis of the impact of unavoidable flaws (e.g., ground",FLAG,9,2,0.222222,0.063225,0.547411,1.0,6,1,0.857143,0.486872,0.97432
ABC,codex,R.10,Reports statistical significance metrics such as confidence intervals.,,9,8,0.888889,0.565,0.980109,1.0,1,0,1.0,0.206549,1.0
ABC,codex,R.11,Gives guidance on interpreting results given evaluation flaws.,FLAG,9,4,0.444444,0.188779,0.733349,1.0,5,0,1.0,0.565518,1.0
ABC,codex,R.12,"Reports results of non-AI baselines (e.g., human experts).",,9,8,0.888889,0.565,0.980109,1.0,1,0,1.0,0.206549,1.0
ABC,codex,R.13,"Reports results of trivial agents (e.g., one that does nothing).",,9,7,0.777778,0.452589,0.936775,1.0,1,1,0.5,0.094531,0.905469
ABC,codex,T.1,"For self-hosted tools, the prompt explicitly states the correct tool o",,9,5,0.555556,0.266651,0.811221,1.0,0,4,0.0,0.0,0.489891
ABC,codex,T.2,"For API-based tools, service availability and rate limits are ensured ",FLAG,9,3,0.333333,0.120584,0.645798,1.0,0,6,0.0,0.0,0.390334
ABC,codex,T.3,API interruptions are detected and the evaluation terminated so users ,FLAG,9,3,0.333333,0.120584,0.645798,1.0,0,6,0.0,0.0,0.390334
ABC,codex,T.4,Legacy data and state are fully cleaned up before each new task.,FLAG,9,4,0.444444,0.188779,0.733349,1.0,0,5,0.0,0.0,0.434482
ABC,codex,T.5,Agents are fully isolated from ground-truth results.,,9,7,0.777778,0.452589,0.936775,1.0,2,0,1.0,0.34238,1.0
ABC,codex,T.6,Environment setup is fully reproducible and frozen at release; no reli,FLAG,9,1,0.111111,0.019891,0.435,1.0,0,8,0.0,0.0,0.324408
ABC,codex,T.7,Correctness of ground-truth annotation is verified.,,9,7,0.777778,0.452589,0.936775,1.0,2,0,1.0,0.34238,1.0
ABC,codex,T.8,Correctness of task setup (solvability) is verified.,,9,6,0.666667,0.354202,0.879416,1.0,2,1,0.666667,0.20766,0.938508
ABC,codex,T.9,An automatic oracle solver demonstrates the task configuration is corr,,9,8,0.888889,0.565,0.980109,1.0,0,1,0.0,0.0,0.793451
ABC,sonnet,R.1,Benchmark is fully or at least partially open-sourced.,,9,9,1.0,0.700855,1.0,1.0,0,0,,,
ABC,sonnet,R.2,Benchmark offers an open-source evaluation harness.,,9,9,1.0,0.700855,1.0,1.0,0,0,,,
ABC,sonnet,R.3,"Measures to prevent data contamination, such as a private held-out tes",,9,7,0.777778,0.452589,0.936775,1.0,2,0,1.0,0.34238,1.0
ABC,sonnet,R.4,Measures or plans to update challenges over time to avoid overfitting.,,9,5,0.555556,0.266651,0.811221,1.0,4,0,1.0,0.510109,1.0
ABC,sonnet,R.5,States the relationship between the agent capabilities evaluated and t,,9,8,0.888889,0.565,0.980109,1.0,0,1,0.0,0.0,0.793451
ABC,sonnet,R.6,States the evaluation subject of the benchmark (a model or an agent fr,,9,9,1.0,0.700855,1.0,1.0,0,0,,,
ABC,sonnet,R.7,"Describes steps taken to prevent, identify and correct flaws.",,9,7,0.777778,0.452589,0.936775,1.0,2,0,1.0,0.34238,1.0
ABC,sonnet,R.8,Qualitative discussion of the impact of unavoidable flaws.,,9,6,0.666667,0.354202,0.879416,1.0,3,0,1.0,0.438503,1.0
ABC,sonnet,R.9,"Quantitative analysis of the impact of unavoidable flaws (e.g., ground",,9,6,0.666667,0.354202,0.879416,1.0,3,0,1.0,0.438503,1.0
ABC,sonnet,R.10,Reports statistical significance metrics such as confidence intervals.,,9,7,0.777778,0.452589,0.936775,1.0,2,0,1.0,0.34238,1.0
ABC,sonnet,R.11,Gives guidance on interpreting results given evaluation flaws.,FLAG,9,4,0.444444,0.188779,0.733349,1.0,5,0,1.0,0.565518,1.0
ABC,sonnet,R.12,"Reports results of non-AI baselines (e.g., human experts).",,9,7,0.777778,0.452589,0.936775,1.0,2,0,1.0,0.34238,1.0
ABC,sonnet,R.13,"Reports results of trivial agents (e.g., one that does nothing).",,9,7,0.777778,0.452589,0.936775,1.0,1,1,0.5,0.094531,0.905469
ABC,sonnet,T.1,"For self-hosted tools, the prompt explicitly states the correct tool o",FLAG,9,3,0.333333,0.120584,0.645798,1.0,0,6,0.0,0.0,0.390334
ABC,sonnet,T.2,"For API-based tools, service availability and rate limits are ensured ",FLAG,9,3,0.333333,0.120584,0.645798,1.0,0,6,0.0,0.0,0.390334
ABC,sonnet,T.3,API interruptions are detected and the evaluation terminated so users ,FLAG,9,2,0.222222,0.063225,0.547411,1.0,0,7,0.0,0.0,0.35433
ABC,sonnet,T.4,Legacy data and state are fully cleaned up before each new task.,,9,6,0.666667,0.354202,0.879416,1.0,0,3,0.0,0.0,0.561497
ABC,sonnet,T.5,Agents are fully isolated from ground-truth results.,,9,5,0.555556,0.266651,0.811221,1.0,1,3,0.25,0.045587,0.699358
ABC,sonnet,T.6,Environment setup is fully reproducible and frozen at release; no reli,FLAG,9,1,0.111111,0.019891,0.435,1.0,0,8,0.0,0.0,0.324408
ABC,sonnet,T.7,Correctness of ground-truth annotation is verified.,,9,6,0.666667,0.354202,0.879416,1.0,2,1,0.666667,0.20766,0.938508
ABC,sonnet,T.8,Correctness of task setup (solvability) is verified.,,9,6,0.666667,0.354202,0.879416,1.0,2,1,0.666667,0.20766,0.938508
ABC,sonnet,T.9,An automatic oracle solver demonstrates the task configuration is corr,,9,7,0.777778,0.452589,0.936775,1.0,0,2,0.0,0.0,0.65762
ABC,RESOLVED,R.1,Benchmark is fully or at least partially open-sourced.,,9,9,1.0,0.700855,1.0,1.0,0,0,,,
ABC,RESOLVED,R.2,Benchmark offers an open-source evaluation harness.,,9,8,0.888889,0.565,0.980109,1.0,0,1,0.0,0.0,0.793451
ABC,RESOLVED,R.3,"Measures to prevent data contamination, such as a private held-out tes",,9,6,0.666667,0.354202,0.879416,1.0,2,1,0.666667,0.20766,0.938508
ABC,RESOLVED,R.4,Measures or plans to update challenges over time to avoid overfitting.,,9,5,0.555556,0.266651,0.811221,1.0,4,0,1.0,0.510109,1.0
ABC,RESOLVED,R.5,States the relationship between the agent capabilities evaluated and t,,9,8,0.888889,0.565,0.980109,1.0,0,1,0.0,0.0,0.793451
ABC,RESOLVED,R.6,States the evaluation subject of the benchmark (a model or an agent fr,,9,8,0.888889,0.565,0.980109,1.0,0,1,0.0,0.0,0.793451
ABC,RESOLVED,R.7,"Describes steps taken to prevent, identify and correct flaws.",,9,7,0.777778,0.452589,0.936775,1.0,2,0,1.0,0.34238,1.0
ABC,RESOLVED,R.8,Qualitative discussion of the impact of unavoidable flaws.,,9,6,0.666667,0.354202,0.879416,1.0,3,0,1.0,0.438503,1.0
ABC,RESOLVED,R.9,"Quantitative analysis of the impact of unavoidable flaws (e.g., ground",,9,5,0.555556,0.266651,0.811221,1.0,3,1,0.75,0.300642,0.954413
ABC,RESOLVED,R.10,Reports statistical significance metrics such as confidence intervals.,,9,8,0.888889,0.565,0.980109,1.0,1,0,1.0,0.206549,1.0
ABC,RESOLVED,R.11,Gives guidance on interpreting results given evaluation flaws.,,9,5,0.555556,0.266651,0.811221,1.0,4,0,1.0,0.510109,1.0
ABC,RESOLVED,R.12,"Reports results of non-AI baselines (e.g., human experts).",,9,8,0.888889,0.565,0.980109,1.0,1,0,1.0,0.206549,1.0
ABC,RESOLVED,R.13,"Reports results of trivial agents (e.g., one that does nothing).",,9,8,0.888889,0.565,0.980109,1.0,0,1,0.0,0.0,0.793451
ABC,RESOLVED,T.1,"For self-hosted tools, the prompt explicitly states the correct tool o",FLAG,9,3,0.333333,0.120584,0.645798,1.0,0,6,0.0,0.0,0.390334
ABC,RESOLVED,T.2,"For API-based tools, service availability and rate limits are ensured ",FLAG,9,3,0.333333,0.120584,0.645798,1.0,0,6,0.0,0.0,0.390334
ABC,RESOLVED,T.3,API interruptions are detected and the evaluation terminated so users ,FLAG,9,2,0.222222,0.063225,0.547411,1.0,0,7,0.0,0.0,0.35433
ABC,RESOLVED,T.4,Legacy data and state are fully cleaned up before each new task.,FLAG,9,4,0.444444,0.188779,0.733349,1.0,0,5,0.0,0.0,0.434482
ABC,RESOLVED,T.5,Agents are fully isolated from ground-truth results.,,9,5,0.555556,0.266651,0.811221,1.0,1,3,0.25,0.045587,0.699358
ABC,RESOLVED,T.6,Environment setup is fully reproducible and frozen at release; no reli,FLAG,9,1,0.111111,0.019891,0.435,1.0,0,8,0.0,0.0,0.324408
ABC,RESOLVED,T.7,Correctness of ground-truth annotation is verified.,,9,6,0.666667,0.354202,0.879416,1.0,2,1,0.666667,0.20766,0.938508
ABC,RESOLVED,T.8,Correctness of task setup (solvability) is verified.,,9,6,0.666667,0.354202,0.879416,1.0,2,1,0.666667,0.20766,0.938508
ABC,RESOLVED,T.9,An automatic oracle solver demonstrates the task configuration is corr,,9,7,0.777778,0.452589,0.936775,1.0,0,2,0.0,0.0,0.65762
BetterBench,codex,J.1-1,Definition of tested capability or characteristic,,22,17,0.772727,0.5656,0.89877,0.863636,3,2,0.6,0.230724,0.882379
BetterBench,codex,J.1-5,Involvement of domain experts,FLAG,22,7,0.318182,0.163606,0.526814,0.681818,2,13,0.133333,0.037361,0.37882
BetterBench,codex,J.1-6,Integration of domain literature,,22,12,0.545455,0.346598,0.730797,0.727273,8,2,0.8,0.490162,0.943318
BetterBench,codex,J.1-9,Includes floors and ceilings for metric,FLAG,22,7,0.318182,0.163606,0.526814,0.909091,3,12,0.2,0.070475,0.451854
BetterBench,codex,J.1-12,Addresses input sensitivity,,22,12,0.545455,0.346598,0.730797,0.681818,3,7,0.3,0.107791,0.603222
BetterBench,codex,J.2-1,Availability of evaluation code,,22,17,0.772727,0.5656,0.89877,0.954545,2,3,0.4,0.117621,0.769276
BetterBench,codex,J.2-2,Script to replicate results is explicitly included,FLAG,22,6,0.272727,0.131508,0.481517,0.454545,11,5,0.6875,0.444044,0.858354
BetterBench,codex,J.2-4,Supports evaluation of models via API calls,,12,6,0.5,0.253782,0.746218,0.75,5,1,0.833333,0.436497,0.969947
BetterBench,codex,J.2-5,Supports evaluation of local models,,22,11,0.5,0.307221,0.692779,0.909091,3,8,0.272727,0.097461,0.565645
BetterBench,codex,J.2-7,Inclusion of 'training_on_test_set' task,,17,12,0.705882,0.468669,0.8672,1.0,3,2,0.6,0.230724,0.882379
BetterBench,codex,J.2-8,Assess need for warnings for sensitive/harmful content,FLAG,22,9,0.409091,0.232558,0.612652,0.636364,13,0,1.0,0.771905,1.0
BetterBench,codex,J.2-9,Release requirements specified,FLAG,22,9,0.409091,0.232558,0.612652,0.727273,12,1,0.923077,0.66686,0.98629
BetterBench,codex,J.3-4,Code documentation available,FLAG,22,8,0.363636,0.197332,0.570483,0.681818,7,7,0.5,0.267992,0.732008
BetterBench,codex,J.3-8,Documentation of benchmark construction process,,22,13,0.590909,0.387348,0.767442,0.863636,3,6,0.333333,0.120584,0.645798
BetterBench,codex,J.3-11,Documentation of data sources and how the data was collected (if appli,,21,15,0.714286,0.500436,0.861861,0.904762,3,3,0.5,0.187616,0.812384
BetterBench,codex,J.3-12,Documentation of the data preprocessing steps taken,FLAG,21,10,0.47619,0.28344,0.676305,0.809524,1,10,0.090909,0.016232,0.377358
BetterBench,codex,J.3-16,Documentation of evaluation metric(s),,22,18,0.818182,0.614834,0.926931,1.0,2,2,0.5,0.150039,0.849961
BetterBench,codex,J.3-17,Report statistical significance of benchmark results for at least one ,FLAG,22,5,0.227273,0.10123,0.4344,0.681818,9,8,0.529412,0.309632,0.738349
BetterBench,codex,J.3-19,Specifies applicable license,FLAG,22,8,0.363636,0.197332,0.570483,0.454545,1,13,0.071429,0.012722,0.314687
BetterBench,codex,J.4-1,Code usability checked within the last year,,22,14,0.636364,0.429517,0.802668,0.636364,0,8,0.0,0.0,0.324408
BetterBench,sonnet,J.1-1,Definition of tested capability or characteristic,,22,19,0.863636,0.66665,0.95251,0.954545,2,1,0.666667,0.20766,0.938508
BetterBench,sonnet,J.1-5,Involvement of domain experts,FLAG,22,7,0.318182,0.163606,0.526814,0.636364,1,14,0.066667,0.011867,0.298165
BetterBench,sonnet,J.1-6,Integration of domain literature,,22,13,0.590909,0.387348,0.767442,0.818182,9,0,1.0,0.700855,1.0
BetterBench,sonnet,J.1-9,Includes floors and ceilings for metric,FLAG,22,9,0.409091,0.232558,0.612652,0.909091,3,10,0.230769,0.081795,0.502564
BetterBench,sonnet,J.1-12,Addresses input sensitivity,,22,12,0.545455,0.346598,0.730797,0.772727,3,7,0.3,0.107791,0.603222
BetterBench,sonnet,J.2-1,Availability of evaluation code,,22,17,0.772727,0.5656,0.89877,0.954545,2,3,0.4,0.117621,0.769276
BetterBench,sonnet,J.2-2,Script to replicate results is explicitly included,FLAG,22,5,0.227273,0.10123,0.4344,0.409091,14,3,0.823529,0.589705,0.938089
BetterBench,sonnet,J.2-4,Supports evaluation of models via API calls,,14,10,0.714286,0.453509,0.882786,0.857143,4,0,1.0,0.510109,1.0
BetterBench,sonnet,J.2-5,Supports evaluation of local models,,22,12,0.545455,0.346598,0.730797,1.0,3,7,0.3,0.107791,0.603222
BetterBench,sonnet,J.2-7,Inclusion of 'training_on_test_set' task,,17,12,0.705882,0.468669,0.8672,1.0,4,1,0.8,0.375535,0.963776
BetterBench,sonnet,J.2-8,Assess need for warnings for sensitive/harmful content,,22,12,0.545455,0.346598,0.730797,0.772727,10,0,1.0,0.722467,1.0
BetterBench,sonnet,J.2-9,Release requirements specified,FLAG,22,7,0.318182,0.163606,0.526814,0.772727,13,2,0.866667,0.62118,0.962639
BetterBench,sonnet,J.3-4,Code documentation available,,22,13,0.590909,0.387348,0.767442,0.818182,6,3,0.666667,0.354202,0.879416
BetterBench,sonnet,J.3-8,Documentation of benchmark construction process,,22,11,0.5,0.307221,0.692779,1.0,4,7,0.363636,0.151665,0.646199
BetterBench,sonnet,J.3-11,Documentation of data sources and how the data was collected (if appli,,21,15,0.714286,0.500436,0.861861,1.0,5,1,0.833333,0.436497,0.969947
BetterBench,sonnet,J.3-12,Documentation of the data preprocessing steps taken,FLAG,21,10,0.47619,0.28344,0.676305,0.761905,3,8,0.272727,0.097461,0.565645
BetterBench,sonnet,J.3-16,Documentation of evaluation metric(s),,22,16,0.727273,0.518483,0.868492,1.0,2,4,0.333333,0.096771,0.700007
BetterBench,sonnet,J.3-17,Report statistical significance of benchmark results for at least one ,FLAG,22,6,0.272727,0.131508,0.481517,0.681818,11,5,0.6875,0.444044,0.858354
BetterBench,sonnet,J.3-19,Specifies applicable license,FLAG,22,8,0.363636,0.197332,0.570483,0.5,1,13,0.071429,0.012722,0.314687
BetterBench,sonnet,J.4-1,Code usability checked within the last year,FLAG,22,10,0.454545,0.269203,0.653402,0.636364,2,10,0.166667,0.046965,0.448031
BetterBench,RESOLVED,J.1-1,Definition of tested capability or characteristic,,22,17,0.772727,0.5656,0.89877,0.863636,2,3,0.4,0.117621,0.769276
BetterBench,RESOLVED,J.1-5,Involvement of domain experts,FLAG,22,8,0.363636,0.197332,0.570483,0.590909,0,14,0.0,0.0,0.215311
BetterBench,RESOLVED,J.1-6,Integration of domain literature,,22,12,0.545455,0.346598,0.730797,0.727273,8,2,0.8,0.490162,0.943318
BetterBench,RESOLVED,J.1-9,Includes floors and ceilings for metric,FLAG,22,7,0.318182,0.163606,0.526814,0.863636,2,13,0.133333,0.037361,0.37882
BetterBench,RESOLVED,J.1-12,Addresses input sensitivity,,22,13,0.590909,0.387348,0.767442,0.727273,1,8,0.111111,0.019891,0.435
BetterBench,RESOLVED,J.2-1,Availability of evaluation code,,22,17,0.772727,0.5656,0.89877,0.909091,2,3,0.4,0.117621,0.769276
BetterBench,RESOLVED,J.2-2,Script to replicate results is explicitly included,FLAG,22,6,0.272727,0.131508,0.481517,0.5,11,5,0.6875,0.444044,0.858354
BetterBench,RESOLVED,J.2-4,Supports evaluation of models via API calls,,14,9,0.642857,0.387644,0.836553,0.785714,4,1,0.8,0.375535,0.963776
BetterBench,RESOLVED,J.2-5,Supports evaluation of local models,,22,11,0.5,0.307221,0.692779,0.909091,2,9,0.181818,0.051368,0.476981
BetterBench,RESOLVED,J.2-7,Inclusion of 'training_on_test_set' task,,17,12,0.705882,0.468669,0.8672,1.0,3,2,0.6,0.230724,0.882379
BetterBench,RESOLVED,J.2-8,Assess need for warnings for sensitive/harmful content,,22,12,0.545455,0.346598,0.730797,0.818182,10,0,1.0,0.722467,1.0
BetterBench,RESOLVED,J.2-9,Release requirements specified,FLAG,22,10,0.454545,0.269203,0.653402,0.818182,10,2,0.833333,0.551969,0.953035
BetterBench,RESOLVED,J.3-4,Code documentation available,FLAG,22,9,0.409091,0.232558,0.612652,0.681818,6,7,0.461538,0.232061,0.708562
BetterBench,RESOLVED,J.3-8,Documentation of benchmark construction process,FLAG,22,10,0.454545,0.269203,0.653402,0.863636,2,10,0.166667,0.046965,0.448031
BetterBench,RESOLVED,J.3-11,Documentation of data sources and how the data was collected (if appli,,21,16,0.761905,0.549088,0.89372,0.904762,2,3,0.4,0.117621,0.769276
BetterBench,RESOLVED,J.3-12,Documentation of the data preprocessing steps taken,FLAG,21,8,0.380952,0.20751,0.591213,0.761905,1,12,0.076923,0.01371,0.33314
BetterBench,RESOLVED,J.3-16,Documentation of evaluation metric(s),,22,16,0.727273,0.518483,0.868492,1.0,2,4,0.333333,0.096771,0.700007
BetterBench,RESOLVED,J.3-17,Report statistical significance of benchmark results for at least one ,FLAG,22,6,0.272727,0.131508,0.481517,0.681818,8,8,0.5,0.279996,0.720004
BetterBench,RESOLVED,J.3-19,Specifies applicable license,FLAG,22,7,0.318182,0.163606,0.526814,0.5,1,14,0.066667,0.011867,0.298165
BetterBench,RESOLVED,J.4-1,Code usability checked within the last year,,22,12,0.545455,0.346598,0.730797,0.590909,0,10,0.0,0.0,0.277533
