set,kind,scope,item,alpha,ci_lo,ci_hi,units,benchmarks,n_boot,seed
all:codex+sonnet,all_coders,overall,,0.770676,0.732827,0.806063,1100,44,2000,20261004
all:codex+sonnet,all_coders,item,C1,0.60155,0.284932,0.834312,44,44,2000,20261004
all:codex+sonnet,all_coders,item,C2,0.587935,0.284668,0.815268,44,44,2000,20261004
all:codex+sonnet,all_coders,item,C3,0.461654,-0.023529,0.801352,44,44,2000,20261004
all:codex+sonnet,all_coders,item,C4,0.825602,0.624504,0.957254,44,44,2000,20261004
all:codex+sonnet,all_coders,item,C5,0.813465,0.622121,0.960735,44,44,2000,20261004
all:codex+sonnet,all_coders,item,C6,0.772652,0.606261,0.882456,44,44,2000,20261004
all:codex+sonnet,all_coders,item,C7,0.379387,0.054366,0.633523,44,44,2000,20261004
all:codex+sonnet,all_coders,item,C8,0.489046,0.157151,0.75008,44,44,2000,20261004
all:codex+sonnet,all_coders,item,C9,0.513889,0.0,0.879121,44,44,2000,20261004
all:codex+sonnet,all_coders,item,C10,0.195706,-0.130245,0.486122,44,44,2000,20261004
all:codex+sonnet,all_coders,item,C11,0.0,-0.035714,0.0,44,44,2000,20261004
all:codex+sonnet,all_coders,item,C12,0.913868,0.764251,1.0,44,44,2000,20261004
all:codex+sonnet,all_coders,item,C13,0.601316,0.309948,0.809477,44,44,2000,20261004
all:codex+sonnet,all_coders,item,C14,0.914032,0.803226,0.982235,44,44,2000,20261004
all:codex+sonnet,all_coders,item,A1,0.73378,0.520601,0.880589,44,44,2000,20261004
all:codex+sonnet,all_coders,item,A2,0.747956,0.505426,0.915652,44,44,2000,20261004
all:codex+sonnet,all_coders,item,A3,0.95332,0.848797,1.0,44,44,2000,20261004
all:codex+sonnet,all_coders,item,A4,0.814103,0.590267,0.954852,44,44,2000,20261004
all:codex+sonnet,all_coders,item,A5,0.54281,0.173012,0.809467,44,44,2000,20261004
all:codex+sonnet,all_coders,item,A6,0.559288,0.271399,0.800915,44,44,2000,20261004
all:codex+sonnet,all_coders,item,A7,0.015573,-0.358824,0.348291,44,44,2000,20261004
all:codex+sonnet,all_coders,item,A8,0.560984,-0.035714,1.0,44,44,2000,20261004
all:codex+sonnet,all_coders,item,A9,0.52459,0.207125,0.784119,44,44,2000,20261004
all:codex+sonnet,all_coders,item,A10,0.406818,-0.011628,0.752771,44,44,2000,20261004
all:codex+sonnet,all_coders,item,A11,0.847616,0.659909,0.968417,44,44,2000,20261004
cross-family:codex|sonnet,cross_family_pair,overall,,0.770676,0.732827,0.806063,1100,44,2000,20261004
cross-family:codex|sonnet,cross_family_pair,item,C1,0.60155,0.284932,0.834312,44,44,2000,20261004
cross-family:codex|sonnet,cross_family_pair,item,C2,0.587935,0.284668,0.815268,44,44,2000,20261004
cross-family:codex|sonnet,cross_family_pair,item,C3,0.461654,-0.023529,0.801352,44,44,2000,20261004
cross-family:codex|sonnet,cross_family_pair,item,C4,0.825602,0.624504,0.957254,44,44,2000,20261004
cross-family:codex|sonnet,cross_family_pair,item,C5,0.813465,0.622121,0.960735,44,44,2000,20261004
cross-family:codex|sonnet,cross_family_pair,item,C6,0.772652,0.606261,0.882456,44,44,2000,20261004
cross-family:codex|sonnet,cross_family_pair,item,C7,0.379387,0.054366,0.633523,44,44,2000,20261004
cross-family:codex|sonnet,cross_family_pair,item,C8,0.489046,0.157151,0.75008,44,44,2000,20261004
cross-family:codex|sonnet,cross_family_pair,item,C9,0.513889,0.0,0.879121,44,44,2000,20261004
cross-family:codex|sonnet,cross_family_pair,item,C10,0.195706,-0.130245,0.486122,44,44,2000,20261004
cross-family:codex|sonnet,cross_family_pair,item,C11,0.0,-0.035714,0.0,44,44,2000,20261004
cross-family:codex|sonnet,cross_family_pair,item,C12,0.913868,0.764251,1.0,44,44,2000,20261004
cross-family:codex|sonnet,cross_family_pair,item,C13,0.601316,0.309948,0.809477,44,44,2000,20261004
cross-family:codex|sonnet,cross_family_pair,item,C14,0.914032,0.803226,0.982235,44,44,2000,20261004
cross-family:codex|sonnet,cross_family_pair,item,A1,0.73378,0.520601,0.880589,44,44,2000,20261004
cross-family:codex|sonnet,cross_family_pair,item,A2,0.747956,0.505426,0.915652,44,44,2000,20261004
cross-family:codex|sonnet,cross_family_pair,item,A3,0.95332,0.848797,1.0,44,44,2000,20261004
cross-family:codex|sonnet,cross_family_pair,item,A4,0.814103,0.590267,0.954852,44,44,2000,20261004
cross-family:codex|sonnet,cross_family_pair,item,A5,0.54281,0.173012,0.809467,44,44,2000,20261004
cross-family:codex|sonnet,cross_family_pair,item,A6,0.559288,0.271399,0.800915,44,44,2000,20261004
cross-family:codex|sonnet,cross_family_pair,item,A7,0.015573,-0.358824,0.348291,44,44,2000,20261004
cross-family:codex|sonnet,cross_family_pair,item,A8,0.560984,-0.035714,1.0,44,44,2000,20261004
cross-family:codex|sonnet,cross_family_pair,item,A9,0.52459,0.207125,0.784119,44,44,2000,20261004
cross-family:codex|sonnet,cross_family_pair,item,A10,0.406818,-0.011628,0.752771,44,44,2000,20261004
cross-family:codex|sonnet,cross_family_pair,item,A11,0.847616,0.659909,0.968417,44,44,2000,20261004
