bench,condition,task_id,verdict,n_distinct_sequences
AgentClinic,A,MedQA:22,pass,4
AgentClinic,A,MedQA:24,fail,5
AgentClinic,A,MedQA:38,pass,4
AgentClinic,A,MedQA:50,fail,5
AgentClinic,A,MedQA:66,fail,5
AgentClinic,B,MedQA:24,fail,5
AgentClinic,B,MedQA:50,fail,5
AgentClinic,B,MedQA:66,fail,5
AgentClinic,B,MedQA:95,fail,5
RadABench,A,1001:01235,fail,2
RadABench,A,1101:01348,fail,3
RadABench,A,1703:01235678,fail,4
RadABench,A,1902:01348,fail,3
RadABench,A,200:012,pass,2
RadABench,A,403:0123568,fail,2
RadABench,A,602:0123568,fail,2
RadABench,A,700:0123568,fail,2
RadABench,B,1001:01235,fail,3
RadABench,B,1403:01235,fail,2
RadABench,B,1703:01235678,fail,4
RadABench,B,1902:01348,fail,2
RadABench,B,200:012,pass,3
RadABench,B,403:0123568,fail,4
RadABench,B,602:0123568,fail,4
RadABench,B,700:0123568,fail,4
synthetic_hospital,A,patient_diagnosis:7264,fail,2
synthetic_hospital,A,patient_diagnosis:7460,fail,2
synthetic_hospital,A,patient_diagnosis:7854,fail,2
synthetic_hospital,A,patient_diagnosis:8229,pass,2
synthetic_hospital,B,patient_diagnosis:7072,fail,5
synthetic_hospital,B,patient_diagnosis:7264,fail,5
synthetic_hospital,B,patient_diagnosis:7460,fail,5
synthetic_hospital,B,patient_diagnosis:7854,fail,5
synthetic_hospital,B,patient_diagnosis:8149,fail,4
synthetic_hospital,B,patient_diagnosis:8255,fail,5
