bench,condition,temperature,k,pass_hat_k,ci_lo,ci_hi,n_tasks,n_boot,seed,tasks_complete,tasks_expected,partial
AgentClinic,A,0.05,1,0.46,0.22,0.68,10,2000,20261004,10,10,False
AgentClinic,A,0.05,2,0.33,0.12975,0.57,10,2000,20261004,10,10,False
AgentClinic,A,0.05,3,0.26,0.05,0.52,10,2000,20261004,10,10,False
AgentClinic,A,0.05,4,0.22,0.02,0.5,10,2000,20261004,10,10,False
AgentClinic,A,0.05,5,0.2,0.0,0.5,10,2000,20261004,10,10,False
AgentClinic,B,0.7,1,0.3,0.12,0.4805,10,2000,20261004,10,10,False
AgentClinic,B,0.7,2,0.16,0.03,0.31,10,2000,20261004,10,10,False
AgentClinic,B,0.7,3,0.09,0.01,0.2,10,2000,20261004,10,10,False
AgentClinic,B,0.7,4,0.04,0.0,0.1,10,2000,20261004,10,10,False
AgentClinic,B,0.7,5,0.0,0.0,0.0,10,2000,20261004,10,10,False
RadABench,A,0.0,1,0.333333,0.0,1.0,3,2000,20261004,3,10,True
RadABench,A,0.0,2,0.333333,0.0,1.0,3,2000,20261004,3,10,True
RadABench,A,0.0,3,0.333333,0.0,1.0,3,2000,20261004,3,10,True
RadABench,A,0.0,4,0.333333,0.0,1.0,3,2000,20261004,3,10,True
RadABench,A,0.0,5,0.333333,0.0,1.0,3,2000,20261004,3,10,True
RadABench,B,0.7,1,0.5,0.0,1.0,2,2000,20261004,2,10,True
RadABench,B,0.7,2,0.5,0.0,1.0,2,2000,20261004,2,10,True
RadABench,B,0.7,3,0.5,0.0,1.0,2,2000,20261004,2,10,True
RadABench,B,0.7,4,0.5,0.0,1.0,2,2000,20261004,2,10,True
RadABench,B,0.7,5,0.5,0.0,1.0,2,2000,20261004,2,10,True
synthetic_hospital,A,0.0,1,0.375,0.0,0.75,8,2000,20261004,8,10,True
synthetic_hospital,A,0.0,2,0.375,0.0,0.75,8,2000,20261004,8,10,True
synthetic_hospital,A,0.0,3,0.375,0.0,0.75,8,2000,20261004,8,10,True
synthetic_hospital,A,0.0,4,0.375,0.0,0.75,8,2000,20261004,8,10,True
synthetic_hospital,A,0.0,5,0.375,0.0,0.75,8,2000,20261004,8,10,True
synthetic_hospital,B,0.7,1,0.25,0.0,0.6,4,2000,20261004,4,10,True
synthetic_hospital,B,0.7,2,0.15,0.0,0.45,4,2000,20261004,4,10,True
synthetic_hospital,B,0.7,3,0.1,0.0,0.3,4,2000,20261004,4,10,True
synthetic_hospital,B,0.7,4,0.05,0.0,0.15,4,2000,20261004,4,10,True
synthetic_hospital,B,0.7,5,0.0,0.0,0.0,4,2000,20261004,4,10,True
