bench,condition,task_id,episodes_seen,episodes_ok,complete,n_distinct_sequences,n_distinct_sequences_strict,n_pass,verdicts,divergent,verdict_unstable
AgentClinic,A,MedQA:105,5,5,True,5,5,1,FPFFF,True,True
AgentClinic,A,MedQA:22,5,5,True,4,4,5,PPPPP,True,False
AgentClinic,A,MedQA:24,5,5,True,5,5,0,FFFFF,True,False
AgentClinic,A,MedQA:35,5,5,True,5,5,3,PFPFP,True,True
AgentClinic,A,MedQA:38,5,5,True,4,4,5,PPPPP,True,False
AgentClinic,A,MedQA:50,5,5,True,5,5,0,FFFFF,True,False
AgentClinic,A,MedQA:6,5,5,True,5,5,3,PPFFP,True,True
AgentClinic,A,MedQA:66,5,5,True,5,5,0,FFFFF,True,False
AgentClinic,A,MedQA:95,5,5,True,5,5,2,FFFPP,True,True
AgentClinic,A,MedQA:96,5,5,True,5,5,4,PPPFP,True,True
AgentClinic,B,MedQA:105,5,5,True,5,5,1,FFPFF,True,True
AgentClinic,B,MedQA:22,5,5,True,5,5,4,PFPPP,True,True
AgentClinic,B,MedQA:24,5,5,True,5,5,0,FFFFF,True,False
AgentClinic,B,MedQA:35,5,5,True,5,5,2,FFFPP,True,True
AgentClinic,B,MedQA:38,5,5,True,5,5,4,PPPPF,True,True
AgentClinic,B,MedQA:50,5,5,True,5,5,0,FFFFF,True,False
AgentClinic,B,MedQA:6,5,5,True,5,5,1,FFFPF,True,True
AgentClinic,B,MedQA:66,5,5,True,5,5,0,FFFFF,True,False
AgentClinic,B,MedQA:95,5,5,True,5,5,0,FFFFF,True,False
AgentClinic,B,MedQA:96,5,5,True,5,5,3,PPFPF,True,True
RadABench,A,1001:01235,5,0,False,,,,,,
RadABench,A,1101:01348,5,0,False,,,,,,
RadABench,A,1403:01235,5,0,False,,,,,,
RadABench,A,1703:01235678,5,0,False,,,,,,
RadABench,A,1902:01348,5,1,False,,,,,,
RadABench,A,200:012,5,5,True,2,,5,PPPPP,True,False
RadABench,A,403:0123568,5,5,True,2,,0,FFFFF,True,False
RadABench,A,502:013,5,3,False,,,,,,
RadABench,A,602:0123568,5,5,True,2,,0,FFFFF,True,False
RadABench,A,700:0123568,5,2,False,,,,,,
RadABench,B,1001:01235,5,0,False,,,,,,
RadABench,B,1101:01348,5,1,False,,,,,,
RadABench,B,1403:01235,5,0,False,,,,,,
RadABench,B,1703:01235678,5,0,False,,,,,,
RadABench,B,1902:01348,5,0,False,,,,,,
RadABench,B,200:012,5,5,True,3,,5,PPPPP,True,False
RadABench,B,403:0123568,5,2,False,,,,,,
RadABench,B,502:013,5,4,False,,,,,,
RadABench,B,602:0123568,5,5,True,4,,0,FFFFF,True,False
RadABench,B,700:0123568,5,0,False,,,,,,
synthetic_hospital,A,patient_diagnosis:7072,5,5,True,1,,0,FFFFF,False,False
synthetic_hospital,A,patient_diagnosis:7264,5,5,True,2,,0,FFFFF,True,False
synthetic_hospital,A,patient_diagnosis:7273,5,4,False,,,,,,
synthetic_hospital,A,patient_diagnosis:7460,5,1,False,,,,,,
synthetic_hospital,A,patient_diagnosis:7511,5,5,True,1,,5,PPPPP,False,False
synthetic_hospital,A,patient_diagnosis:7649,5,5,True,1,,5,PPPPP,False,False
synthetic_hospital,A,patient_diagnosis:7854,5,5,True,2,,0,FFFFF,True,False
synthetic_hospital,A,patient_diagnosis:8149,5,5,True,1,,0,FFFFF,False,False
synthetic_hospital,A,patient_diagnosis:8229,5,5,True,2,,5,PPPPP,True,False
synthetic_hospital,A,patient_diagnosis:8255,5,5,True,1,,0,FFFFF,False,False
synthetic_hospital,B,patient_diagnosis:7072,5,5,True,5,,0,FFFFF,True,False
synthetic_hospital,B,patient_diagnosis:7264,5,4,False,,,,,,
synthetic_hospital,B,patient_diagnosis:7273,5,5,True,3,,1,FFFPF,True,True
synthetic_hospital,B,patient_diagnosis:7460,5,4,False,,,,,,
synthetic_hospital,B,patient_diagnosis:7511,5,4,False,,,,,,
synthetic_hospital,B,patient_diagnosis:7649,5,4,False,,,,,,
synthetic_hospital,B,patient_diagnosis:7854,5,4,False,,,,,,
synthetic_hospital,B,patient_diagnosis:8149,5,3,False,,,,,,
synthetic_hospital,B,patient_diagnosis:8229,5,5,True,5,,4,PPPFP,True,True
synthetic_hospital,B,patient_diagnosis:8255,5,5,True,5,,0,FFFFF,True,False
