bench,condition,task_id,reconstructed_with_reported_neutral_count,reconstruction_agrees,repeat,reported_reward,recomputed_reward,server_state_reward,n_neutral_predictions_reported,outcome,server_state_differs_from_reported
synthetic_hospital,A,patient_diagnosis:7264,,,0,0.0,0.0,0.0,3,agree,False
synthetic_hospital,A,patient_diagnosis:7264,,,1,0.0,0.0,0.0,2,agree,False
synthetic_hospital,A,patient_diagnosis:7264,,,2,0.0,0.0,0.0,3,agree,False
synthetic_hospital,A,patient_diagnosis:7264,,,3,0.0,0.0,0.0,3,agree,False
synthetic_hospital,A,patient_diagnosis:7264,,,4,0.0,0.0,0.0,3,agree,False
synthetic_hospital,B,patient_diagnosis:7264,,,0,0.0,0.0,0.0,3,agree,False
synthetic_hospital,B,patient_diagnosis:7264,,,2,0.0,0.0,0.0,3,agree,False
synthetic_hospital,B,patient_diagnosis:7264,,,3,0.0,0.0,0.0,3,agree,False
synthetic_hospital,B,patient_diagnosis:7264,,,4,0.0,0.0,0.0,3,agree,False
synthetic_hospital,A,patient_diagnosis:7072,,,0,0.0,0.0,0.0,1,agree,False
synthetic_hospital,A,patient_diagnosis:7072,,,1,0.0,0.0,0.0,1,agree,False
synthetic_hospital,A,patient_diagnosis:7072,,,2,0.0,0.0,0.0,1,agree,False
synthetic_hospital,A,patient_diagnosis:7072,,,3,0.0,0.0,0.0,1,agree,False
synthetic_hospital,A,patient_diagnosis:7072,,,4,0.0,0.0,0.0,1,agree,False
synthetic_hospital,B,patient_diagnosis:7072,,,0,0.0,0.0,0.0,1,agree,False
synthetic_hospital,B,patient_diagnosis:7072,,,1,0.0,0.0,0.0,0,agree,False
synthetic_hospital,B,patient_diagnosis:7072,,,2,0.25,0.25,0.25,0,agree,False
synthetic_hospital,B,patient_diagnosis:7072,,,3,0.0,0.0,0.0,0,agree,False
synthetic_hospital,B,patient_diagnosis:7072,,,4,0.0,0.0,0.0,1,agree,False
synthetic_hospital,A,patient_diagnosis:8255,,,0,0.0,0.0,0.0,0,agree,False
synthetic_hospital,A,patient_diagnosis:8255,,,1,0.0,0.0,0.0,0,agree,False
synthetic_hospital,A,patient_diagnosis:8255,,,2,0.0,0.0,0.0,0,agree,False
synthetic_hospital,A,patient_diagnosis:8255,,,3,0.0,0.0,0.0,0,agree,False
synthetic_hospital,A,patient_diagnosis:8255,,,4,0.0,0.0,0.0,0,agree,False
synthetic_hospital,B,patient_diagnosis:8255,,,0,0.0,0.0,0.0,0,agree,False
synthetic_hospital,B,patient_diagnosis:8255,,,1,0.0,0.0,0.0,0,agree,False
synthetic_hospital,B,patient_diagnosis:8255,,,2,0.0,0.0,0.0,0,agree,False
synthetic_hospital,B,patient_diagnosis:8255,,,3,0.0,0.0,0.0,0,agree,False
synthetic_hospital,B,patient_diagnosis:8255,,,4,0.0,0.0,0.0,0,agree,False
synthetic_hospital,A,patient_diagnosis:7511,0.5,True,0,0.5,0.333333,0.5,2,neutral_set_required,False
synthetic_hospital,A,patient_diagnosis:7511,0.5,True,1,0.5,0.333333,0.5,2,neutral_set_required,False
synthetic_hospital,A,patient_diagnosis:7511,0.5,True,2,0.5,0.333333,0.5,2,neutral_set_required,False
synthetic_hospital,A,patient_diagnosis:7511,0.5,True,3,0.5,0.333333,0.5,2,neutral_set_required,False
synthetic_hospital,A,patient_diagnosis:7511,0.5,True,4,0.5,0.333333,0.5,2,neutral_set_required,False
synthetic_hospital,B,patient_diagnosis:7511,0.5,True,0,0.5,0.333333,0.5,2,neutral_set_required,False
synthetic_hospital,B,patient_diagnosis:7511,0.5,True,2,0.5,0.333333,0.5,2,neutral_set_required,False
synthetic_hospital,B,patient_diagnosis:7511,0.666667,True,3,0.666667,0.333333,0.666667,3,neutral_set_required,False
synthetic_hospital,B,patient_diagnosis:7511,0.666667,True,4,0.666667,0.333333,0.666667,3,neutral_set_required,False
synthetic_hospital,A,patient_diagnosis:7649,0.571429,True,0,0.571429,0.333333,0.571429,5,neutral_set_required,False
synthetic_hospital,A,patient_diagnosis:7649,0.571429,True,1,0.571429,0.333333,0.571429,5,neutral_set_required,False
synthetic_hospital,A,patient_diagnosis:7649,0.571429,True,2,0.571429,0.333333,0.571429,5,neutral_set_required,False
synthetic_hospital,A,patient_diagnosis:7649,0.571429,True,3,0.571429,0.333333,0.571429,5,neutral_set_required,False
synthetic_hospital,A,patient_diagnosis:7649,0.571429,True,4,0.571429,0.333333,0.571429,5,neutral_set_required,False
synthetic_hospital,B,patient_diagnosis:7649,0.25,True,0,0.25,0.181818,0.25,3,neutral_set_required,False
synthetic_hospital,B,patient_diagnosis:7649,0.2,True,1,0.2,0.153846,0.2,3,neutral_set_required,False
synthetic_hospital,B,patient_diagnosis:7649,0.571429,True,2,0.571429,0.333333,0.571429,5,neutral_set_required,False
synthetic_hospital,B,patient_diagnosis:7649,0.571429,True,4,0.571429,0.444444,0.571429,2,neutral_set_required,False
synthetic_hospital,A,patient_diagnosis:7460,,,0,0.0,0.0,0.0,1,agree,False
synthetic_hospital,B,patient_diagnosis:7460,,,0,0.0,0.0,0.0,0,agree,False
synthetic_hospital,B,patient_diagnosis:7460,,,1,0.307692,0.307692,0.307692,0,agree,False
synthetic_hospital,B,patient_diagnosis:7460,0.210526,True,3,0.210526,0.190476,0.210526,1,neutral_set_required,False
synthetic_hospital,B,patient_diagnosis:7460,,,4,0.0,0.0,0.0,0,agree,False
synthetic_hospital,A,patient_diagnosis:7854,,,0,0.0,0.0,0.0,1,agree,False
synthetic_hospital,A,patient_diagnosis:7854,,,1,0.0,0.0,0.0,1,agree,False
synthetic_hospital,A,patient_diagnosis:7854,,,2,0.0,0.0,0.0,1,agree,False
synthetic_hospital,A,patient_diagnosis:7854,,,3,0.0,0.0,0.0,1,agree,False
synthetic_hospital,A,patient_diagnosis:7854,,,4,0.0,0.0,0.0,1,agree,False
synthetic_hospital,B,patient_diagnosis:7854,,,1,0.0,0.0,0.0,2,agree,False
synthetic_hospital,B,patient_diagnosis:7854,,,2,0.0,0.0,0.0,1,agree,False
synthetic_hospital,B,patient_diagnosis:7854,,,3,0.0,0.0,0.0,1,agree,False
synthetic_hospital,B,patient_diagnosis:7854,,,4,0.0,0.0,0.0,1,agree,False
synthetic_hospital,A,patient_diagnosis:7273,,,1,1.0,1.0,1.0,0,agree,False
synthetic_hospital,A,patient_diagnosis:7273,,,2,1.0,1.0,1.0,0,agree,False
synthetic_hospital,A,patient_diagnosis:7273,,,3,1.0,1.0,1.0,0,agree,False
synthetic_hospital,A,patient_diagnosis:7273,,,4,1.0,1.0,1.0,0,agree,False
synthetic_hospital,B,patient_diagnosis:7273,,,0,0.0,0.0,0.0,0,agree,False
synthetic_hospital,B,patient_diagnosis:7273,,,1,0.0,0.0,0.0,0,agree,False
synthetic_hospital,B,patient_diagnosis:7273,,,2,0.0,0.0,0.0,0,agree,False
synthetic_hospital,B,patient_diagnosis:7273,,,3,1.0,1.0,1.0,0,agree,False
synthetic_hospital,B,patient_diagnosis:7273,,,4,0.0,0.0,0.0,0,agree,False
synthetic_hospital,A,patient_diagnosis:8229,,,0,0.5,0.5,0.5,0,agree,False
synthetic_hospital,A,patient_diagnosis:8229,,,1,0.571429,0.571429,0.571429,0,agree,False
synthetic_hospital,A,patient_diagnosis:8229,,,2,0.571429,0.571429,0.571429,0,agree,False
synthetic_hospital,A,patient_diagnosis:8229,,,3,0.571429,0.571429,0.571429,0,agree,False
synthetic_hospital,A,patient_diagnosis:8229,,,4,0.571429,0.571429,0.571429,0,agree,False
synthetic_hospital,B,patient_diagnosis:8229,,,0,0.571429,0.571429,0.571429,0,agree,False
synthetic_hospital,B,patient_diagnosis:8229,,,1,0.571429,0.571429,0.571429,0,agree,False
synthetic_hospital,B,patient_diagnosis:8229,,,2,0.571429,0.571429,0.571429,0,agree,False
synthetic_hospital,B,patient_diagnosis:8229,,,3,0.333333,0.333333,0.333333,0,agree,False
synthetic_hospital,B,patient_diagnosis:8229,,,4,0.571429,0.571429,0.571429,0,agree,False
synthetic_hospital,A,patient_diagnosis:8149,,,0,0.0,0.0,0.0,0,agree,False
synthetic_hospital,A,patient_diagnosis:8149,,,1,0.0,0.0,0.0,0,agree,False
synthetic_hospital,A,patient_diagnosis:8149,,,2,0.0,0.0,0.0,0,agree,False
synthetic_hospital,A,patient_diagnosis:8149,,,3,0.0,0.0,0.0,0,agree,False
synthetic_hospital,A,patient_diagnosis:8149,,,4,0.0,0.0,0.0,0,agree,False
synthetic_hospital,B,patient_diagnosis:8149,,,1,0.0,0.0,0.0,2,agree,False
synthetic_hospital,B,patient_diagnosis:8149,,,2,0.0,0.0,0.0,2,agree,False
synthetic_hospital,B,patient_diagnosis:8149,,,3,0.0,0.0,0.0,4,agree,False
