key,task_id,condition,repeat,recorded_verdict,all_identical,all_match_recorded,rejudge_verdicts
MedQA:35|B|1,MedQA:35,B,1,incorrect,True,True,incorrect;incorrect;incorrect
MedQA:105|A|0,MedQA:105,A,0,incorrect,True,True,incorrect;incorrect;incorrect
MedQA:6|B|0,MedQA:6,B,0,incorrect,True,True,incorrect;incorrect;incorrect
MedQA:38|B|4,MedQA:38,B,4,incorrect,True,True,incorrect;incorrect;incorrect
MedQA:6|B|4,MedQA:6,B,4,incorrect,True,True,incorrect;incorrect;incorrect
MedQA:24|A|0,MedQA:24,A,0,incorrect,True,True,incorrect;incorrect;incorrect
MedQA:22|A|4,MedQA:22,A,4,correct,True,True,correct;correct;correct
MedQA:35|A|1,MedQA:35,A,1,incorrect,True,True,incorrect;incorrect;incorrect
MedQA:96|A|2,MedQA:96,A,2,correct,True,True,correct;correct;correct
MedQA:66|B|2,MedQA:66,B,2,incorrect,True,True,incorrect;incorrect;incorrect
MedQA:35|A|3,MedQA:35,A,3,incorrect,True,True,incorrect;incorrect;incorrect
MedQA:35|A|2,MedQA:35,A,2,correct,True,True,correct;correct;correct
MedQA:6|A|4,MedQA:6,A,4,correct,True,True,correct;correct;correct
MedQA:24|B|4,MedQA:24,B,4,incorrect,True,True,incorrect;incorrect;incorrect
MedQA:96|B|1,MedQA:96,B,1,correct,True,True,correct;correct;correct
MedQA:6|B|1,MedQA:6,B,1,incorrect,True,True,incorrect;incorrect;incorrect
MedQA:105|B|1,MedQA:105,B,1,incorrect,True,True,incorrect;incorrect;incorrect
MedQA:22|B|0,MedQA:22,B,0,correct,True,True,correct;correct;correct
MedQA:24|B|3,MedQA:24,B,3,incorrect,True,True,incorrect;incorrect;incorrect
MedQA:22|A|3,MedQA:22,A,3,correct,True,True,correct;correct;correct
MedQA:35|B|0,MedQA:35,B,0,incorrect,True,True,incorrect;incorrect;incorrect
MedQA:66|A|3,MedQA:66,A,3,incorrect,True,True,incorrect;incorrect;incorrect
MedQA:96|B|0,MedQA:96,B,0,correct,True,True,correct;correct;correct
MedQA:35|A|4,MedQA:35,A,4,correct,True,True,correct;correct;correct
MedQA:24|A|4,MedQA:24,A,4,incorrect,True,True,incorrect;incorrect;incorrect
MedQA:105|A|1,MedQA:105,A,1,correct,True,True,correct;correct;correct
MedQA:105|B|3,MedQA:105,B,3,incorrect,True,True,incorrect;incorrect;incorrect
MedQA:50|B|3,MedQA:50,B,3,incorrect,True,True,incorrect;incorrect;incorrect
MedQA:24|B|1,MedQA:24,B,1,incorrect,True,True,incorrect;incorrect;incorrect
MedQA:22|B|1,MedQA:22,B,1,incorrect,True,True,incorrect;incorrect;incorrect
MedQA:24|B|2,MedQA:24,B,2,incorrect,True,True,incorrect;incorrect;incorrect
MedQA:6|A|2,MedQA:6,A,2,incorrect,True,True,incorrect;incorrect;incorrect
MedQA:38|A|0,MedQA:38,A,0,correct,True,True,correct;correct;correct
MedQA:95|B|0,MedQA:95,B,0,incorrect,True,True,incorrect;incorrect;incorrect
MedQA:6|A|0,MedQA:6,A,0,correct,True,True,correct;correct;correct
MedQA:95|B|2,MedQA:95,B,2,incorrect,True,True,incorrect;incorrect;incorrect
MedQA:24|A|3,MedQA:24,A,3,incorrect,True,True,incorrect;incorrect;incorrect
MedQA:6|B|2,MedQA:6,B,2,incorrect,True,True,incorrect;incorrect;incorrect
MedQA:22|A|2,MedQA:22,A,2,correct,True,True,correct;correct;correct
MedQA:22|B|3,MedQA:22,B,3,correct,True,True,correct;correct;correct
MedQA:95|B|1,MedQA:95,B,1,incorrect,True,True,incorrect;incorrect;incorrect
MedQA:95|A|0,MedQA:95,A,0,incorrect,True,True,incorrect;incorrect;incorrect
MedQA:38|A|3,MedQA:38,A,3,correct,True,True,correct;correct;correct
MedQA:50|A|0,MedQA:50,A,0,incorrect,True,True,incorrect;incorrect;incorrect
MedQA:38|A|4,MedQA:38,A,4,correct,True,True,correct;correct;correct
MedQA:95|B|3,MedQA:95,B,3,incorrect,True,True,incorrect;incorrect;incorrect
MedQA:96|A|4,MedQA:96,A,4,correct,True,True,correct;correct;correct
MedQA:6|A|3,MedQA:6,A,3,incorrect,True,True,incorrect;incorrect;incorrect
MedQA:66|B|4,MedQA:66,B,4,incorrect,True,True,incorrect;incorrect;incorrect
MedQA:6|B|3,MedQA:6,B,3,correct,True,False,incorrect;incorrect;incorrect
MedQA:96|A|1,MedQA:96,A,1,correct,True,True,correct;correct;correct
MedQA:66|B|3,MedQA:66,B,3,incorrect,True,True,incorrect;incorrect;incorrect
MedQA:105|A|3,MedQA:105,A,3,incorrect,True,True,incorrect;incorrect;incorrect
MedQA:105|A|2,MedQA:105,A,2,incorrect,True,True,incorrect;incorrect;incorrect
MedQA:105|B|0,MedQA:105,B,0,incorrect,True,True,incorrect;incorrect;incorrect
MedQA:35|B|4,MedQA:35,B,4,correct,True,True,correct;correct;correct
MedQA:95|A|1,MedQA:95,A,1,incorrect,True,True,incorrect;incorrect;incorrect
MedQA:66|A|1,MedQA:66,A,1,incorrect,True,True,incorrect;incorrect;incorrect
MedQA:105|B|2,MedQA:105,B,2,correct,True,True,correct;correct;correct
MedQA:95|A|4,MedQA:95,A,4,correct,True,True,correct;correct;correct
MedQA:50|A|3,MedQA:50,A,3,incorrect,True,True,incorrect;incorrect;incorrect
MedQA:96|B|3,MedQA:96,B,3,correct,True,True,correct;correct;correct
MedQA:22|B|2,MedQA:22,B,2,correct,True,True,correct;correct;correct
MedQA:38|A|1,MedQA:38,A,1,correct,True,True,correct;correct;correct
MedQA:38|B|2,MedQA:38,B,2,correct,True,True,correct;correct;correct
MedQA:96|B|4,MedQA:96,B,4,incorrect,True,True,incorrect;incorrect;incorrect
MedQA:50|B|1,MedQA:50,B,1,incorrect,True,True,incorrect;incorrect;incorrect
MedQA:50|B|0,MedQA:50,B,0,incorrect,True,True,incorrect;incorrect;incorrect
MedQA:96|A|3,MedQA:96,A,3,incorrect,True,True,incorrect;incorrect;incorrect
MedQA:66|A|2,MedQA:66,A,2,incorrect,True,True,incorrect;incorrect;incorrect
MedQA:50|A|2,MedQA:50,A,2,incorrect,True,True,incorrect;incorrect;incorrect
MedQA:66|A|4,MedQA:66,A,4,incorrect,True,True,incorrect;incorrect;incorrect
MedQA:24|A|1,MedQA:24,A,1,incorrect,True,True,incorrect;incorrect;incorrect
MedQA:105|B|4,MedQA:105,B,4,incorrect,True,True,incorrect;incorrect;incorrect
MedQA:50|A|4,MedQA:50,A,4,incorrect,True,True,incorrect;incorrect;incorrect
MedQA:50|A|1,MedQA:50,A,1,incorrect,True,True,incorrect;incorrect;incorrect
MedQA:38|B|1,MedQA:38,B,1,correct,True,True,correct;correct;correct
MedQA:96|B|2,MedQA:96,B,2,incorrect,True,True,incorrect;incorrect;incorrect
MedQA:35|B|3,MedQA:35,B,3,correct,True,True,correct;correct;correct
MedQA:50|B|4,MedQA:50,B,4,incorrect,True,True,incorrect;incorrect;incorrect
MedQA:38|A|2,MedQA:38,A,2,correct,True,True,correct;correct;correct
MedQA:24|A|2,MedQA:24,A,2,incorrect,True,True,incorrect;incorrect;incorrect
MedQA:105|A|4,MedQA:105,A,4,incorrect,True,True,incorrect;incorrect;incorrect
MedQA:66|B|1,MedQA:66,B,1,incorrect,True,True,incorrect;incorrect;incorrect
MedQA:22|A|0,MedQA:22,A,0,correct,True,True,correct;correct;correct
MedQA:50|B|2,MedQA:50,B,2,incorrect,True,True,incorrect;incorrect;incorrect
MedQA:95|A|3,MedQA:95,A,3,correct,True,True,correct;correct;correct
MedQA:66|B|0,MedQA:66,B,0,incorrect,True,True,incorrect;incorrect;incorrect
MedQA:22|A|1,MedQA:22,A,1,correct,True,True,correct;correct;correct
MedQA:24|B|0,MedQA:24,B,0,incorrect,True,True,incorrect;incorrect;incorrect
MedQA:95|A|2,MedQA:95,A,2,incorrect,True,True,incorrect;incorrect;incorrect
MedQA:66|A|0,MedQA:66,A,0,incorrect,True,True,incorrect;incorrect;incorrect
MedQA:96|A|0,MedQA:96,A,0,correct,True,True,correct;correct;correct
MedQA:6|A|1,MedQA:6,A,1,correct,True,True,correct;correct;correct
MedQA:35|B|2,MedQA:35,B,2,incorrect,True,True,incorrect;incorrect;incorrect
MedQA:22|B|4,MedQA:22,B,4,correct,True,True,correct;correct;correct
MedQA:35|A|0,MedQA:35,A,0,correct,True,True,correct;correct;correct
MedQA:38|B|0,MedQA:38,B,0,correct,True,True,correct;correct;correct
MedQA:95|B|4,MedQA:95,B,4,incorrect,True,True,incorrect;incorrect;incorrect
MedQA:38|B|3,MedQA:38,B,3,correct,True,True,correct;correct;correct
