scope,coder,item,vtype,metric,hits,n,rate,wilson_lo,wilson_hi
overall,RESOLVED,,,sensitivity,508,542,0.9373,0.9136,0.9548
overall,RESOLVED,,,sensitivity_any_level,537,542,0.9908,0.9786,0.9961
overall,RESOLVED,,,specificity,137,290,0.4724,0.4157,0.5299
overall,RESOLVED,,,deletion_level_dropped,30,117,0.2564,0.1859,0.3424
variant,RESOLVED,,inject,sensitivity,172,187,0.9198,0.8719,0.9508
variant,RESOLVED,,inject,sensitivity_any_level,184,187,0.984,0.9539,0.9945
variant,RESOLVED,,buried,sensitivity,173,181,0.9558,0.9152,0.9774
variant,RESOLVED,,buried,sensitivity_any_level,180,181,0.9945,0.9694,0.999
variant,RESOLVED,,paraphrase,sensitivity,163,174,0.9368,0.8904,0.9643
variant,RESOLVED,,paraphrase,sensitivity_any_level,173,174,0.9943,0.9682,0.999
variant,RESOLVED,,deletion,specificity,23,117,0.1966,0.1347,0.2777
variant,RESOLVED,,deletion,deletion_level_dropped,30,117,0.2564,0.1859,0.3424
variant,RESOLVED,,decoy,specificity,114,173,0.659,0.5856,0.7255
item,RESOLVED,C1,,sensitivity,19,20,0.95,0.7639,0.9911
item,RESOLVED,C1,,sensitivity_any_level,20,20,1.0,0.8389,1.0
item,RESOLVED,C1,,specificity,6,13,0.4615,0.2321,0.7086
item,RESOLVED,C1,,deletion_level_dropped,0,6,0.0,0.0,0.3903
item_variant,RESOLVED,C1,inject,sensitivity,6,7,0.8571,0.4869,0.9743
item_variant,RESOLVED,C1,inject,sensitivity_any_level,7,7,1.0,0.6457,1.0
item_variant,RESOLVED,C1,buried,sensitivity,7,7,1.0,0.6457,1.0
item_variant,RESOLVED,C1,buried,sensitivity_any_level,7,7,1.0,0.6457,1.0
item_variant,RESOLVED,C1,paraphrase,sensitivity,6,6,1.0,0.6097,1.0
item_variant,RESOLVED,C1,paraphrase,sensitivity_any_level,6,6,1.0,0.6097,1.0
item_variant,RESOLVED,C1,deletion,specificity,0,6,0.0,0.0,0.3903
item_variant,RESOLVED,C1,deletion,deletion_level_dropped,0,6,0.0,0.0,0.3903
item_variant,RESOLVED,C1,decoy,specificity,6,7,0.8571,0.4869,0.9743
item,RESOLVED,C2,,sensitivity,17,18,0.9444,0.7424,0.9901
item,RESOLVED,C2,,sensitivity_any_level,18,18,1.0,0.8241,1.0
item,RESOLVED,C2,,specificity,8,14,0.5714,0.3259,0.7862
item,RESOLVED,C2,,deletion_level_dropped,1,7,0.1429,0.0257,0.5131
item_variant,RESOLVED,C2,inject,sensitivity,8,8,1.0,0.6756,1.0
item_variant,RESOLVED,C2,inject,sensitivity_any_level,8,8,1.0,0.6756,1.0
item_variant,RESOLVED,C2,buried,sensitivity,4,4,1.0,0.5101,1.0
item_variant,RESOLVED,C2,buried,sensitivity_any_level,4,4,1.0,0.5101,1.0
item_variant,RESOLVED,C2,paraphrase,sensitivity,5,6,0.8333,0.4365,0.9699
item_variant,RESOLVED,C2,paraphrase,sensitivity_any_level,6,6,1.0,0.6097,1.0
item_variant,RESOLVED,C2,deletion,specificity,1,7,0.1429,0.0257,0.5131
item_variant,RESOLVED,C2,deletion,deletion_level_dropped,1,7,0.1429,0.0257,0.5131
item_variant,RESOLVED,C2,decoy,specificity,7,7,1.0,0.6457,1.0
item,RESOLVED,C3,,sensitivity,22,23,0.9565,0.7901,0.9923
item,RESOLVED,C3,,sensitivity_any_level,23,23,1.0,0.8569,1.0
item,RESOLVED,C3,,specificity,12,15,0.8,0.5481,0.9295
item,RESOLVED,C3,,deletion_level_dropped,5,7,0.7143,0.3589,0.9178
item_variant,RESOLVED,C3,inject,sensitivity,7,8,0.875,0.5291,0.9776
item_variant,RESOLVED,C3,inject,sensitivity_any_level,8,8,1.0,0.6756,1.0
item_variant,RESOLVED,C3,buried,sensitivity,8,8,1.0,0.6756,1.0
item_variant,RESOLVED,C3,buried,sensitivity_any_level,8,8,1.0,0.6756,1.0
item_variant,RESOLVED,C3,paraphrase,sensitivity,7,7,1.0,0.6457,1.0
item_variant,RESOLVED,C3,paraphrase,sensitivity_any_level,7,7,1.0,0.6457,1.0
item_variant,RESOLVED,C3,deletion,specificity,5,7,0.7143,0.3589,0.9178
item_variant,RESOLVED,C3,deletion,deletion_level_dropped,5,7,0.7143,0.3589,0.9178
item_variant,RESOLVED,C3,decoy,specificity,7,8,0.875,0.5291,0.9776
item,RESOLVED,C4,,sensitivity,23,23,1.0,0.8569,1.0
item,RESOLVED,C4,,sensitivity_any_level,23,23,1.0,0.8569,1.0
item,RESOLVED,C4,,specificity,9,12,0.75,0.4677,0.9111
item,RESOLVED,C4,,deletion_level_dropped,2,5,0.4,0.1176,0.7693
item_variant,RESOLVED,C4,inject,sensitivity,8,8,1.0,0.6756,1.0
item_variant,RESOLVED,C4,inject,sensitivity_any_level,8,8,1.0,0.6756,1.0
item_variant,RESOLVED,C4,buried,sensitivity,8,8,1.0,0.6756,1.0
item_variant,RESOLVED,C4,buried,sensitivity_any_level,8,8,1.0,0.6756,1.0
item_variant,RESOLVED,C4,paraphrase,sensitivity,7,7,1.0,0.6457,1.0
item_variant,RESOLVED,C4,paraphrase,sensitivity_any_level,7,7,1.0,0.6457,1.0
item_variant,RESOLVED,C4,deletion,specificity,2,5,0.4,0.1176,0.7693
item_variant,RESOLVED,C4,deletion,deletion_level_dropped,2,5,0.4,0.1176,0.7693
item_variant,RESOLVED,C4,decoy,specificity,7,7,1.0,0.6457,1.0
item,RESOLVED,C5,,sensitivity,21,21,1.0,0.8454,1.0
item,RESOLVED,C5,,sensitivity_any_level,21,21,1.0,0.8454,1.0
item,RESOLVED,C5,,specificity,5,15,0.3333,0.1518,0.5829
item,RESOLVED,C5,,deletion_level_dropped,2,7,0.2857,0.0822,0.6411
item_variant,RESOLVED,C5,inject,sensitivity,6,6,1.0,0.6097,1.0
item_variant,RESOLVED,C5,inject,sensitivity_any_level,6,6,1.0,0.6097,1.0
item_variant,RESOLVED,C5,buried,sensitivity,7,7,1.0,0.6457,1.0
item_variant,RESOLVED,C5,buried,sensitivity_any_level,7,7,1.0,0.6457,1.0
item_variant,RESOLVED,C5,paraphrase,sensitivity,8,8,1.0,0.6756,1.0
item_variant,RESOLVED,C5,paraphrase,sensitivity_any_level,8,8,1.0,0.6756,1.0
item_variant,RESOLVED,C5,deletion,specificity,1,7,0.1429,0.0257,0.5131
item_variant,RESOLVED,C5,deletion,deletion_level_dropped,2,7,0.2857,0.0822,0.6411
item_variant,RESOLVED,C5,decoy,specificity,4,8,0.5,0.2152,0.7848
item,RESOLVED,C6,,sensitivity,21,21,1.0,0.8454,1.0
item,RESOLVED,C6,,sensitivity_any_level,21,21,1.0,0.8454,1.0
item,RESOLVED,C6,,specificity,2,7,0.2857,0.0822,0.6411
item,RESOLVED,C6,,deletion_level_dropped,0,2,0.0,0.0,0.6576
item_variant,RESOLVED,C6,inject,sensitivity,7,7,1.0,0.6457,1.0
item_variant,RESOLVED,C6,inject,sensitivity_any_level,7,7,1.0,0.6457,1.0
item_variant,RESOLVED,C6,buried,sensitivity,7,7,1.0,0.6457,1.0
item_variant,RESOLVED,C6,buried,sensitivity_any_level,7,7,1.0,0.6457,1.0
item_variant,RESOLVED,C6,paraphrase,sensitivity,7,7,1.0,0.6457,1.0
item_variant,RESOLVED,C6,paraphrase,sensitivity_any_level,7,7,1.0,0.6457,1.0
item_variant,RESOLVED,C6,deletion,specificity,0,2,0.0,0.0,0.6576
item_variant,RESOLVED,C6,deletion,deletion_level_dropped,0,2,0.0,0.0,0.6576
item_variant,RESOLVED,C6,decoy,specificity,2,5,0.4,0.1176,0.7693
item,RESOLVED,C7,,sensitivity,22,24,0.9167,0.7415,0.9768
item,RESOLVED,C7,,sensitivity_any_level,24,24,1.0,0.862,1.0
item,RESOLVED,C7,,specificity,6,11,0.5455,0.2801,0.7873
item,RESOLVED,C7,,deletion_level_dropped,2,3,0.6667,0.2077,0.9385
item_variant,RESOLVED,C7,inject,sensitivity,7,8,0.875,0.5291,0.9776
item_variant,RESOLVED,C7,inject,sensitivity_any_level,8,8,1.0,0.6756,1.0
item_variant,RESOLVED,C7,buried,sensitivity,8,8,1.0,0.6756,1.0
item_variant,RESOLVED,C7,buried,sensitivity_any_level,8,8,1.0,0.6756,1.0
item_variant,RESOLVED,C7,paraphrase,sensitivity,7,8,0.875,0.5291,0.9776
item_variant,RESOLVED,C7,paraphrase,sensitivity_any_level,8,8,1.0,0.6756,1.0
item_variant,RESOLVED,C7,deletion,specificity,1,3,0.3333,0.0615,0.7923
item_variant,RESOLVED,C7,deletion,deletion_level_dropped,2,3,0.6667,0.2077,0.9385
item_variant,RESOLVED,C7,decoy,specificity,5,8,0.625,0.3057,0.8632
item,RESOLVED,C8,,sensitivity,24,24,1.0,0.862,1.0
item,RESOLVED,C8,,sensitivity_any_level,24,24,1.0,0.862,1.0
item,RESOLVED,C8,,specificity,10,11,0.9091,0.6226,0.9838
item,RESOLVED,C8,,deletion_level_dropped,3,4,0.75,0.3006,0.9544
item_variant,RESOLVED,C8,inject,sensitivity,8,8,1.0,0.6756,1.0
item_variant,RESOLVED,C8,inject,sensitivity_any_level,8,8,1.0,0.6756,1.0
item_variant,RESOLVED,C8,buried,sensitivity,8,8,1.0,0.6756,1.0
item_variant,RESOLVED,C8,buried,sensitivity_any_level,8,8,1.0,0.6756,1.0
item_variant,RESOLVED,C8,paraphrase,sensitivity,8,8,1.0,0.6756,1.0
item_variant,RESOLVED,C8,paraphrase,sensitivity_any_level,8,8,1.0,0.6756,1.0
item_variant,RESOLVED,C8,deletion,specificity,3,4,0.75,0.3006,0.9544
item_variant,RESOLVED,C8,deletion,deletion_level_dropped,3,4,0.75,0.3006,0.9544
item_variant,RESOLVED,C8,decoy,specificity,7,7,1.0,0.6457,1.0
item,RESOLVED,C9,,sensitivity,20,23,0.8696,0.6787,0.9546
item,RESOLVED,C9,,sensitivity_any_level,20,23,0.8696,0.6787,0.9546
item,RESOLVED,C9,,specificity,6,8,0.75,0.4093,0.9285
item_variant,RESOLVED,C9,inject,sensitivity,6,8,0.75,0.4093,0.9285
item_variant,RESOLVED,C9,inject,sensitivity_any_level,6,8,0.75,0.4093,0.9285
item_variant,RESOLVED,C9,buried,sensitivity,7,8,0.875,0.5291,0.9776
item_variant,RESOLVED,C9,buried,sensitivity_any_level,7,8,0.875,0.5291,0.9776
item_variant,RESOLVED,C9,paraphrase,sensitivity,7,7,1.0,0.6457,1.0
item_variant,RESOLVED,C9,paraphrase,sensitivity_any_level,7,7,1.0,0.6457,1.0
item_variant,RESOLVED,C9,decoy,specificity,6,8,0.75,0.4093,0.9285
item,RESOLVED,C10,,sensitivity,22,22,1.0,0.8513,1.0
item,RESOLVED,C10,,sensitivity_any_level,22,22,1.0,0.8513,1.0
item,RESOLVED,C10,,specificity,4,14,0.2857,0.1172,0.5465
item,RESOLVED,C10,,deletion_level_dropped,1,6,0.1667,0.0301,0.5635
item_variant,RESOLVED,C10,inject,sensitivity,7,7,1.0,0.6457,1.0
item_variant,RESOLVED,C10,inject,sensitivity_any_level,7,7,1.0,0.6457,1.0
item_variant,RESOLVED,C10,buried,sensitivity,8,8,1.0,0.6756,1.0
item_variant,RESOLVED,C10,buried,sensitivity_any_level,8,8,1.0,0.6756,1.0
item_variant,RESOLVED,C10,paraphrase,sensitivity,7,7,1.0,0.6457,1.0
item_variant,RESOLVED,C10,paraphrase,sensitivity_any_level,7,7,1.0,0.6457,1.0
item_variant,RESOLVED,C10,deletion,specificity,1,6,0.1667,0.0301,0.5635
item_variant,RESOLVED,C10,deletion,deletion_level_dropped,1,6,0.1667,0.0301,0.5635
item_variant,RESOLVED,C10,decoy,specificity,3,8,0.375,0.1368,0.6943
item,RESOLVED,C11,,sensitivity,18,23,0.7826,0.581,0.9034
item,RESOLVED,C11,,sensitivity_any_level,23,23,1.0,0.8569,1.0
item,RESOLVED,C11,,specificity,3,8,0.375,0.1368,0.6943
item_variant,RESOLVED,C11,inject,sensitivity,4,7,0.5714,0.2505,0.8418
item_variant,RESOLVED,C11,inject,sensitivity_any_level,7,7,1.0,0.6457,1.0
item_variant,RESOLVED,C11,buried,sensitivity,7,8,0.875,0.5291,0.9776
item_variant,RESOLVED,C11,buried,sensitivity_any_level,8,8,1.0,0.6756,1.0
item_variant,RESOLVED,C11,paraphrase,sensitivity,7,8,0.875,0.5291,0.9776
item_variant,RESOLVED,C11,paraphrase,sensitivity_any_level,8,8,1.0,0.6756,1.0
item_variant,RESOLVED,C11,decoy,specificity,3,8,0.375,0.1368,0.6943
item,RESOLVED,C12,,sensitivity,17,17,1.0,0.8157,1.0
item,RESOLVED,C12,,sensitivity_any_level,17,17,1.0,0.8157,1.0
item,RESOLVED,C12,,specificity,2,12,0.1667,0.047,0.448
item,RESOLVED,C12,,deletion_level_dropped,0,7,0.0,0.0,0.3543
item_variant,RESOLVED,C12,inject,sensitivity,7,7,1.0,0.6457,1.0
item_variant,RESOLVED,C12,inject,sensitivity_any_level,7,7,1.0,0.6457,1.0
item_variant,RESOLVED,C12,buried,sensitivity,5,5,1.0,0.5655,1.0
item_variant,RESOLVED,C12,buried,sensitivity_any_level,5,5,1.0,0.5655,1.0
item_variant,RESOLVED,C12,paraphrase,sensitivity,5,5,1.0,0.5655,1.0
item_variant,RESOLVED,C12,paraphrase,sensitivity_any_level,5,5,1.0,0.5655,1.0
item_variant,RESOLVED,C12,deletion,specificity,0,7,0.0,0.0,0.3543
item_variant,RESOLVED,C12,deletion,deletion_level_dropped,0,7,0.0,0.0,0.3543
item_variant,RESOLVED,C12,decoy,specificity,2,5,0.4,0.1176,0.7693
item,RESOLVED,C13,,sensitivity,23,23,1.0,0.8569,1.0
item,RESOLVED,C13,,sensitivity_any_level,23,23,1.0,0.8569,1.0
item,RESOLVED,C13,,specificity,1,11,0.0909,0.0162,0.3774
item,RESOLVED,C13,,deletion_level_dropped,1,3,0.3333,0.0615,0.7923
item_variant,RESOLVED,C13,inject,sensitivity,8,8,1.0,0.6756,1.0
item_variant,RESOLVED,C13,inject,sensitivity_any_level,8,8,1.0,0.6756,1.0
item_variant,RESOLVED,C13,buried,sensitivity,8,8,1.0,0.6756,1.0
item_variant,RESOLVED,C13,buried,sensitivity_any_level,8,8,1.0,0.6756,1.0
item_variant,RESOLVED,C13,paraphrase,sensitivity,7,7,1.0,0.6457,1.0
item_variant,RESOLVED,C13,paraphrase,sensitivity_any_level,7,7,1.0,0.6457,1.0
item_variant,RESOLVED,C13,deletion,specificity,0,3,0.0,0.0,0.5615
item_variant,RESOLVED,C13,deletion,deletion_level_dropped,1,3,0.3333,0.0615,0.7923
item_variant,RESOLVED,C13,decoy,specificity,1,8,0.125,0.0224,0.4709
item,RESOLVED,C14,,sensitivity,19,19,1.0,0.8318,1.0
item,RESOLVED,C14,,sensitivity_any_level,19,19,1.0,0.8318,1.0
item,RESOLVED,C14,,specificity,6,10,0.6,0.3127,0.8318
item,RESOLVED,C14,,deletion_level_dropped,1,3,0.3333,0.0615,0.7923
item_variant,RESOLVED,C14,inject,sensitivity,8,8,1.0,0.6756,1.0
item_variant,RESOLVED,C14,inject,sensitivity_any_level,8,8,1.0,0.6756,1.0
item_variant,RESOLVED,C14,buried,sensitivity,5,5,1.0,0.5655,1.0
item_variant,RESOLVED,C14,buried,sensitivity_any_level,5,5,1.0,0.5655,1.0
item_variant,RESOLVED,C14,paraphrase,sensitivity,6,6,1.0,0.6097,1.0
item_variant,RESOLVED,C14,paraphrase,sensitivity_any_level,6,6,1.0,0.6097,1.0
item_variant,RESOLVED,C14,deletion,specificity,1,3,0.3333,0.0615,0.7923
item_variant,RESOLVED,C14,deletion,deletion_level_dropped,1,3,0.3333,0.0615,0.7923
item_variant,RESOLVED,C14,decoy,specificity,5,7,0.7143,0.3589,0.9178
item,RESOLVED,A1,,sensitivity,20,21,0.9524,0.7733,0.9915
item,RESOLVED,A1,,sensitivity_any_level,20,21,0.9524,0.7733,0.9915
item,RESOLVED,A1,,specificity,3,14,0.2143,0.0757,0.4759
item,RESOLVED,A1,,deletion_level_dropped,1,6,0.1667,0.0301,0.5635
item_variant,RESOLVED,A1,inject,sensitivity,6,7,0.8571,0.4869,0.9743
item_variant,RESOLVED,A1,inject,sensitivity_any_level,6,7,0.8571,0.4869,0.9743
item_variant,RESOLVED,A1,buried,sensitivity,7,7,1.0,0.6457,1.0
item_variant,RESOLVED,A1,buried,sensitivity_any_level,7,7,1.0,0.6457,1.0
item_variant,RESOLVED,A1,paraphrase,sensitivity,7,7,1.0,0.6457,1.0
item_variant,RESOLVED,A1,paraphrase,sensitivity_any_level,7,7,1.0,0.6457,1.0
item_variant,RESOLVED,A1,deletion,specificity,1,6,0.1667,0.0301,0.5635
item_variant,RESOLVED,A1,deletion,deletion_level_dropped,1,6,0.1667,0.0301,0.5635
item_variant,RESOLVED,A1,decoy,specificity,2,8,0.25,0.0715,0.5907
item,RESOLVED,A2,,sensitivity,23,23,1.0,0.8569,1.0
item,RESOLVED,A2,,sensitivity_any_level,23,23,1.0,0.8569,1.0
item,RESOLVED,A2,,specificity,7,11,0.6364,0.3538,0.8483
item,RESOLVED,A2,,deletion_level_dropped,1,4,0.25,0.0456,0.6994
item_variant,RESOLVED,A2,inject,sensitivity,8,8,1.0,0.6756,1.0
item_variant,RESOLVED,A2,inject,sensitivity_any_level,8,8,1.0,0.6756,1.0
item_variant,RESOLVED,A2,buried,sensitivity,8,8,1.0,0.6756,1.0
item_variant,RESOLVED,A2,buried,sensitivity_any_level,8,8,1.0,0.6756,1.0
item_variant,RESOLVED,A2,paraphrase,sensitivity,7,7,1.0,0.6457,1.0
item_variant,RESOLVED,A2,paraphrase,sensitivity_any_level,7,7,1.0,0.6457,1.0
item_variant,RESOLVED,A2,deletion,specificity,1,4,0.25,0.0456,0.6994
item_variant,RESOLVED,A2,deletion,deletion_level_dropped,1,4,0.25,0.0456,0.6994
item_variant,RESOLVED,A2,decoy,specificity,6,7,0.8571,0.4869,0.9743
item,RESOLVED,A3,,sensitivity,21,21,1.0,0.8454,1.0
item,RESOLVED,A3,,sensitivity_any_level,21,21,1.0,0.8454,1.0
item,RESOLVED,A3,,specificity,6,7,0.8571,0.4869,0.9743
item,RESOLVED,A3,,deletion_level_dropped,0,1,0.0,0.0,0.7935
item_variant,RESOLVED,A3,inject,sensitivity,8,8,1.0,0.6756,1.0
item_variant,RESOLVED,A3,inject,sensitivity_any_level,8,8,1.0,0.6756,1.0
item_variant,RESOLVED,A3,buried,sensitivity,8,8,1.0,0.6756,1.0
item_variant,RESOLVED,A3,buried,sensitivity_any_level,8,8,1.0,0.6756,1.0
item_variant,RESOLVED,A3,paraphrase,sensitivity,5,5,1.0,0.5655,1.0
item_variant,RESOLVED,A3,paraphrase,sensitivity_any_level,5,5,1.0,0.5655,1.0
item_variant,RESOLVED,A3,deletion,specificity,0,1,0.0,0.0,0.7935
item_variant,RESOLVED,A3,deletion,deletion_level_dropped,0,1,0.0,0.0,0.7935
item_variant,RESOLVED,A3,decoy,specificity,6,6,1.0,0.6097,1.0
item,RESOLVED,A4,,sensitivity,14,24,0.5833,0.3883,0.7553
item,RESOLVED,A4,,sensitivity_any_level,24,24,1.0,0.862,1.0
item,RESOLVED,A4,,specificity,3,12,0.25,0.0889,0.5323
item,RESOLVED,A4,,deletion_level_dropped,0,4,0.0,0.0,0.4899
item_variant,RESOLVED,A4,inject,sensitivity,5,8,0.625,0.3057,0.8632
item_variant,RESOLVED,A4,inject,sensitivity_any_level,8,8,1.0,0.6756,1.0
item_variant,RESOLVED,A4,buried,sensitivity,5,8,0.625,0.3057,0.8632
item_variant,RESOLVED,A4,buried,sensitivity_any_level,8,8,1.0,0.6756,1.0
item_variant,RESOLVED,A4,paraphrase,sensitivity,4,8,0.5,0.2152,0.7848
item_variant,RESOLVED,A4,paraphrase,sensitivity_any_level,8,8,1.0,0.6756,1.0
item_variant,RESOLVED,A4,deletion,specificity,0,4,0.0,0.0,0.4899
item_variant,RESOLVED,A4,deletion,deletion_level_dropped,0,4,0.0,0.0,0.4899
item_variant,RESOLVED,A4,decoy,specificity,3,8,0.375,0.1368,0.6943
item,RESOLVED,A5,,sensitivity,19,19,1.0,0.8318,1.0
item,RESOLVED,A5,,sensitivity_any_level,19,19,1.0,0.8318,1.0
item,RESOLVED,A5,,specificity,4,10,0.4,0.1682,0.6873
item,RESOLVED,A5,,deletion_level_dropped,0,6,0.0,0.0,0.3903
item_variant,RESOLVED,A5,inject,sensitivity,6,6,1.0,0.6097,1.0
item_variant,RESOLVED,A5,inject,sensitivity_any_level,6,6,1.0,0.6097,1.0
item_variant,RESOLVED,A5,buried,sensitivity,5,5,1.0,0.5655,1.0
item_variant,RESOLVED,A5,buried,sensitivity_any_level,5,5,1.0,0.5655,1.0
item_variant,RESOLVED,A5,paraphrase,sensitivity,8,8,1.0,0.6756,1.0
item_variant,RESOLVED,A5,paraphrase,sensitivity_any_level,8,8,1.0,0.6756,1.0
item_variant,RESOLVED,A5,deletion,specificity,0,6,0.0,0.0,0.3903
item_variant,RESOLVED,A5,deletion,deletion_level_dropped,0,6,0.0,0.0,0.3903
item_variant,RESOLVED,A5,decoy,specificity,4,4,1.0,0.5101,1.0
item,RESOLVED,A6,,sensitivity,15,24,0.625,0.4271,0.7884
item,RESOLVED,A6,,sensitivity_any_level,24,24,1.0,0.862,1.0
item,RESOLVED,A6,,specificity,4,8,0.5,0.2152,0.7848
item,RESOLVED,A6,,deletion_level_dropped,2,5,0.4,0.1176,0.7693
item_variant,RESOLVED,A6,inject,sensitivity,5,8,0.625,0.3057,0.8632
item_variant,RESOLVED,A6,inject,sensitivity_any_level,8,8,1.0,0.6756,1.0
item_variant,RESOLVED,A6,buried,sensitivity,5,8,0.625,0.3057,0.8632
item_variant,RESOLVED,A6,buried,sensitivity_any_level,8,8,1.0,0.6756,1.0
item_variant,RESOLVED,A6,paraphrase,sensitivity,5,8,0.625,0.3057,0.8632
item_variant,RESOLVED,A6,paraphrase,sensitivity_any_level,8,8,1.0,0.6756,1.0
item_variant,RESOLVED,A6,deletion,specificity,2,5,0.4,0.1176,0.7693
item_variant,RESOLVED,A6,deletion,deletion_level_dropped,2,5,0.4,0.1176,0.7693
item_variant,RESOLVED,A6,decoy,specificity,2,3,0.6667,0.2077,0.9385
item,RESOLVED,A7,,sensitivity,20,20,1.0,0.8389,1.0
item,RESOLVED,A7,,sensitivity_any_level,20,20,1.0,0.8389,1.0
item,RESOLVED,A7,,specificity,6,11,0.5455,0.2801,0.7873
item,RESOLVED,A7,,deletion_level_dropped,0,4,0.0,0.0,0.4899
item_variant,RESOLVED,A7,inject,sensitivity,7,7,1.0,0.6457,1.0
item_variant,RESOLVED,A7,inject,sensitivity_any_level,7,7,1.0,0.6457,1.0
item_variant,RESOLVED,A7,buried,sensitivity,8,8,1.0,0.6756,1.0
item_variant,RESOLVED,A7,buried,sensitivity_any_level,8,8,1.0,0.6756,1.0
item_variant,RESOLVED,A7,paraphrase,sensitivity,5,5,1.0,0.5655,1.0
item_variant,RESOLVED,A7,paraphrase,sensitivity_any_level,5,5,1.0,0.5655,1.0
item_variant,RESOLVED,A7,deletion,specificity,0,4,0.0,0.0,0.4899
item_variant,RESOLVED,A7,deletion,deletion_level_dropped,0,4,0.0,0.0,0.4899
item_variant,RESOLVED,A7,decoy,specificity,6,7,0.8571,0.4869,0.9743
item,RESOLVED,A8,,sensitivity,23,23,1.0,0.8569,1.0
item,RESOLVED,A8,,sensitivity_any_level,23,23,1.0,0.8569,1.0
item,RESOLVED,A8,,specificity,4,14,0.2857,0.1172,0.5465
item,RESOLVED,A8,,deletion_level_dropped,0,7,0.0,0.0,0.3543
item_variant,RESOLVED,A8,inject,sensitivity,8,8,1.0,0.6756,1.0
item_variant,RESOLVED,A8,inject,sensitivity_any_level,8,8,1.0,0.6756,1.0
item_variant,RESOLVED,A8,buried,sensitivity,7,7,1.0,0.6457,1.0
item_variant,RESOLVED,A8,buried,sensitivity_any_level,7,7,1.0,0.6457,1.0
item_variant,RESOLVED,A8,paraphrase,sensitivity,8,8,1.0,0.6756,1.0
item_variant,RESOLVED,A8,paraphrase,sensitivity_any_level,8,8,1.0,0.6756,1.0
item_variant,RESOLVED,A8,deletion,specificity,0,7,0.0,0.0,0.3543
item_variant,RESOLVED,A8,deletion,deletion_level_dropped,0,7,0.0,0.0,0.3543
item_variant,RESOLVED,A8,decoy,specificity,4,7,0.5714,0.2505,0.8418
item,RESOLVED,A9,,sensitivity,24,24,1.0,0.862,1.0
item,RESOLVED,A9,,sensitivity_any_level,24,24,1.0,0.862,1.0
item,RESOLVED,A9,,specificity,5,12,0.4167,0.1933,0.6805
item,RESOLVED,A9,,deletion_level_dropped,1,4,0.25,0.0456,0.6994
item_variant,RESOLVED,A9,inject,sensitivity,8,8,1.0,0.6756,1.0
item_variant,RESOLVED,A9,inject,sensitivity_any_level,8,8,1.0,0.6756,1.0
item_variant,RESOLVED,A9,buried,sensitivity,8,8,1.0,0.6756,1.0
item_variant,RESOLVED,A9,buried,sensitivity_any_level,8,8,1.0,0.6756,1.0
item_variant,RESOLVED,A9,paraphrase,sensitivity,8,8,1.0,0.6756,1.0
item_variant,RESOLVED,A9,paraphrase,sensitivity_any_level,8,8,1.0,0.6756,1.0
item_variant,RESOLVED,A9,deletion,specificity,1,4,0.25,0.0456,0.6994
item_variant,RESOLVED,A9,deletion,deletion_level_dropped,1,4,0.25,0.0456,0.6994
item_variant,RESOLVED,A9,decoy,specificity,4,8,0.5,0.2152,0.7848
item,RESOLVED,A10,,sensitivity,23,23,1.0,0.8569,1.0
item,RESOLVED,A10,,sensitivity_any_level,23,23,1.0,0.8569,1.0
item,RESOLVED,A10,,specificity,10,16,0.625,0.3864,0.8152
item,RESOLVED,A10,,deletion_level_dropped,3,8,0.375,0.1368,0.6943
item_variant,RESOLVED,A10,inject,sensitivity,8,8,1.0,0.6756,1.0
item_variant,RESOLVED,A10,inject,sensitivity_any_level,8,8,1.0,0.6756,1.0
item_variant,RESOLVED,A10,buried,sensitivity,8,8,1.0,0.6756,1.0
item_variant,RESOLVED,A10,buried,sensitivity_any_level,8,8,1.0,0.6756,1.0
item_variant,RESOLVED,A10,paraphrase,sensitivity,7,7,1.0,0.6457,1.0
item_variant,RESOLVED,A10,paraphrase,sensitivity_any_level,7,7,1.0,0.6457,1.0
item_variant,RESOLVED,A10,deletion,specificity,2,8,0.25,0.0715,0.5907
item_variant,RESOLVED,A10,deletion,deletion_level_dropped,3,8,0.375,0.1368,0.6943
item_variant,RESOLVED,A10,decoy,specificity,8,8,1.0,0.6756,1.0
item,RESOLVED,A11,,sensitivity,18,19,0.9474,0.7536,0.9906
item,RESOLVED,A11,,sensitivity_any_level,18,19,0.9474,0.7536,0.9906
item,RESOLVED,A11,,specificity,5,14,0.3571,0.1634,0.6124
item,RESOLVED,A11,,deletion_level_dropped,4,8,0.5,0.2152,0.7848
item_variant,RESOLVED,A11,inject,sensitivity,6,6,1.0,0.6097,1.0
item_variant,RESOLVED,A11,inject,sensitivity_any_level,6,6,1.0,0.6097,1.0
item_variant,RESOLVED,A11,buried,sensitivity,7,7,1.0,0.6457,1.0
item_variant,RESOLVED,A11,buried,sensitivity_any_level,7,7,1.0,0.6457,1.0
item_variant,RESOLVED,A11,paraphrase,sensitivity,5,6,0.8333,0.4365,0.9699
item_variant,RESOLVED,A11,paraphrase,sensitivity_any_level,5,6,0.8333,0.4365,0.9699
item_variant,RESOLVED,A11,deletion,specificity,1,8,0.125,0.0224,0.4709
item_variant,RESOLVED,A11,deletion,deletion_level_dropped,4,8,0.5,0.2152,0.7848
item_variant,RESOLVED,A11,decoy,specificity,4,6,0.6667,0.3,0.9032
overall,codex,,,sensitivity,519,542,0.9576,0.9371,0.9716
overall,codex,,,sensitivity_any_level,538,542,0.9926,0.9812,0.9971
overall,codex,,,specificity,116,290,0.4,0.3453,0.4573
overall,codex,,,deletion_level_dropped,22,117,0.188,0.1276,0.2683
variant,codex,,inject,sensitivity,176,187,0.9412,0.8978,0.9668
variant,codex,,inject,sensitivity_any_level,184,187,0.984,0.9539,0.9945
variant,codex,,buried,sensitivity,175,181,0.9669,0.9296,0.9847
variant,codex,,buried,sensitivity_any_level,180,181,0.9945,0.9694,0.999
variant,codex,,paraphrase,sensitivity,168,174,0.9655,0.9268,0.9841
variant,codex,,paraphrase,sensitivity_any_level,174,174,1.0,0.9784,1.0
variant,codex,,deletion,specificity,17,117,0.1453,0.0927,0.2204
variant,codex,,deletion,deletion_level_dropped,22,117,0.188,0.1276,0.2683
variant,codex,,decoy,specificity,99,173,0.5723,0.4977,0.6436
item,codex,C1,,sensitivity,19,20,0.95,0.7639,0.9911
item,codex,C1,,sensitivity_any_level,20,20,1.0,0.8389,1.0
item,codex,C1,,specificity,6,13,0.4615,0.2321,0.7086
item,codex,C1,,deletion_level_dropped,0,6,0.0,0.0,0.3903
item_variant,codex,C1,inject,sensitivity,6,7,0.8571,0.4869,0.9743
item_variant,codex,C1,inject,sensitivity_any_level,7,7,1.0,0.6457,1.0
item_variant,codex,C1,buried,sensitivity,7,7,1.0,0.6457,1.0
item_variant,codex,C1,buried,sensitivity_any_level,7,7,1.0,0.6457,1.0
item_variant,codex,C1,paraphrase,sensitivity,6,6,1.0,0.6097,1.0
item_variant,codex,C1,paraphrase,sensitivity_any_level,6,6,1.0,0.6097,1.0
item_variant,codex,C1,deletion,specificity,0,6,0.0,0.0,0.3903
item_variant,codex,C1,deletion,deletion_level_dropped,0,6,0.0,0.0,0.3903
item_variant,codex,C1,decoy,specificity,6,7,0.8571,0.4869,0.9743
item,codex,C2,,sensitivity,17,18,0.9444,0.7424,0.9901
item,codex,C2,,sensitivity_any_level,18,18,1.0,0.8241,1.0
item,codex,C2,,specificity,4,14,0.2857,0.1172,0.5465
item,codex,C2,,deletion_level_dropped,0,7,0.0,0.0,0.3543
item_variant,codex,C2,inject,sensitivity,8,8,1.0,0.6756,1.0
item_variant,codex,C2,inject,sensitivity_any_level,8,8,1.0,0.6756,1.0
item_variant,codex,C2,buried,sensitivity,4,4,1.0,0.5101,1.0
item_variant,codex,C2,buried,sensitivity_any_level,4,4,1.0,0.5101,1.0
item_variant,codex,C2,paraphrase,sensitivity,5,6,0.8333,0.4365,0.9699
item_variant,codex,C2,paraphrase,sensitivity_any_level,6,6,1.0,0.6097,1.0
item_variant,codex,C2,deletion,specificity,0,7,0.0,0.0,0.3543
item_variant,codex,C2,deletion,deletion_level_dropped,0,7,0.0,0.0,0.3543
item_variant,codex,C2,decoy,specificity,4,7,0.5714,0.2505,0.8418
item,codex,C3,,sensitivity,23,23,1.0,0.8569,1.0
item,codex,C3,,sensitivity_any_level,23,23,1.0,0.8569,1.0
item,codex,C3,,specificity,11,15,0.7333,0.4805,0.891
item,codex,C3,,deletion_level_dropped,4,7,0.5714,0.2505,0.8418
item_variant,codex,C3,inject,sensitivity,8,8,1.0,0.6756,1.0
item_variant,codex,C3,inject,sensitivity_any_level,8,8,1.0,0.6756,1.0
item_variant,codex,C3,buried,sensitivity,8,8,1.0,0.6756,1.0
item_variant,codex,C3,buried,sensitivity_any_level,8,8,1.0,0.6756,1.0
item_variant,codex,C3,paraphrase,sensitivity,7,7,1.0,0.6457,1.0
item_variant,codex,C3,paraphrase,sensitivity_any_level,7,7,1.0,0.6457,1.0
item_variant,codex,C3,deletion,specificity,4,7,0.5714,0.2505,0.8418
item_variant,codex,C3,deletion,deletion_level_dropped,4,7,0.5714,0.2505,0.8418
item_variant,codex,C3,decoy,specificity,7,8,0.875,0.5291,0.9776
item,codex,C4,,sensitivity,23,23,1.0,0.8569,1.0
item,codex,C4,,sensitivity_any_level,23,23,1.0,0.8569,1.0
item,codex,C4,,specificity,7,12,0.5833,0.3195,0.8067
item,codex,C4,,deletion_level_dropped,2,5,0.4,0.1176,0.7693
item_variant,codex,C4,inject,sensitivity,8,8,1.0,0.6756,1.0
item_variant,codex,C4,inject,sensitivity_any_level,8,8,1.0,0.6756,1.0
item_variant,codex,C4,buried,sensitivity,8,8,1.0,0.6756,1.0
item_variant,codex,C4,buried,sensitivity_any_level,8,8,1.0,0.6756,1.0
item_variant,codex,C4,paraphrase,sensitivity,7,7,1.0,0.6457,1.0
item_variant,codex,C4,paraphrase,sensitivity_any_level,7,7,1.0,0.6457,1.0
item_variant,codex,C4,deletion,specificity,2,5,0.4,0.1176,0.7693
item_variant,codex,C4,deletion,deletion_level_dropped,2,5,0.4,0.1176,0.7693
item_variant,codex,C4,decoy,specificity,5,7,0.7143,0.3589,0.9178
item,codex,C5,,sensitivity,21,21,1.0,0.8454,1.0
item,codex,C5,,sensitivity_any_level,21,21,1.0,0.8454,1.0
item,codex,C5,,specificity,2,15,0.1333,0.0374,0.3788
item,codex,C5,,deletion_level_dropped,0,7,0.0,0.0,0.3543
item_variant,codex,C5,inject,sensitivity,6,6,1.0,0.6097,1.0
item_variant,codex,C5,inject,sensitivity_any_level,6,6,1.0,0.6097,1.0
item_variant,codex,C5,buried,sensitivity,7,7,1.0,0.6457,1.0
item_variant,codex,C5,buried,sensitivity_any_level,7,7,1.0,0.6457,1.0
item_variant,codex,C5,paraphrase,sensitivity,8,8,1.0,0.6756,1.0
item_variant,codex,C5,paraphrase,sensitivity_any_level,8,8,1.0,0.6756,1.0
item_variant,codex,C5,deletion,specificity,0,7,0.0,0.0,0.3543
item_variant,codex,C5,deletion,deletion_level_dropped,0,7,0.0,0.0,0.3543
item_variant,codex,C5,decoy,specificity,2,8,0.25,0.0715,0.5907
item,codex,C6,,sensitivity,21,21,1.0,0.8454,1.0
item,codex,C6,,sensitivity_any_level,21,21,1.0,0.8454,1.0
item,codex,C6,,specificity,2,7,0.2857,0.0822,0.6411
item,codex,C6,,deletion_level_dropped,0,2,0.0,0.0,0.6576
item_variant,codex,C6,inject,sensitivity,7,7,1.0,0.6457,1.0
item_variant,codex,C6,inject,sensitivity_any_level,7,7,1.0,0.6457,1.0
item_variant,codex,C6,buried,sensitivity,7,7,1.0,0.6457,1.0
item_variant,codex,C6,buried,sensitivity_any_level,7,7,1.0,0.6457,1.0
item_variant,codex,C6,paraphrase,sensitivity,7,7,1.0,0.6457,1.0
item_variant,codex,C6,paraphrase,sensitivity_any_level,7,7,1.0,0.6457,1.0
item_variant,codex,C6,deletion,specificity,0,2,0.0,0.0,0.6576
item_variant,codex,C6,deletion,deletion_level_dropped,0,2,0.0,0.0,0.6576
item_variant,codex,C6,decoy,specificity,2,5,0.4,0.1176,0.7693
item,codex,C7,,sensitivity,24,24,1.0,0.862,1.0
item,codex,C7,,sensitivity_any_level,24,24,1.0,0.862,1.0
item,codex,C7,,specificity,6,11,0.5455,0.2801,0.7873
item,codex,C7,,deletion_level_dropped,2,3,0.6667,0.2077,0.9385
item_variant,codex,C7,inject,sensitivity,8,8,1.0,0.6756,1.0
item_variant,codex,C7,inject,sensitivity_any_level,8,8,1.0,0.6756,1.0
item_variant,codex,C7,buried,sensitivity,8,8,1.0,0.6756,1.0
item_variant,codex,C7,buried,sensitivity_any_level,8,8,1.0,0.6756,1.0
item_variant,codex,C7,paraphrase,sensitivity,8,8,1.0,0.6756,1.0
item_variant,codex,C7,paraphrase,sensitivity_any_level,8,8,1.0,0.6756,1.0
item_variant,codex,C7,deletion,specificity,1,3,0.3333,0.0615,0.7923
item_variant,codex,C7,deletion,deletion_level_dropped,2,3,0.6667,0.2077,0.9385
item_variant,codex,C7,decoy,specificity,5,8,0.625,0.3057,0.8632
item,codex,C8,,sensitivity,24,24,1.0,0.862,1.0
item,codex,C8,,sensitivity_any_level,24,24,1.0,0.862,1.0
item,codex,C8,,specificity,8,11,0.7273,0.4344,0.9025
item,codex,C8,,deletion_level_dropped,2,4,0.5,0.15,0.85
item_variant,codex,C8,inject,sensitivity,8,8,1.0,0.6756,1.0
item_variant,codex,C8,inject,sensitivity_any_level,8,8,1.0,0.6756,1.0
item_variant,codex,C8,buried,sensitivity,8,8,1.0,0.6756,1.0
item_variant,codex,C8,buried,sensitivity_any_level,8,8,1.0,0.6756,1.0
item_variant,codex,C8,paraphrase,sensitivity,8,8,1.0,0.6756,1.0
item_variant,codex,C8,paraphrase,sensitivity_any_level,8,8,1.0,0.6756,1.0
item_variant,codex,C8,deletion,specificity,2,4,0.5,0.15,0.85
item_variant,codex,C8,deletion,deletion_level_dropped,2,4,0.5,0.15,0.85
item_variant,codex,C8,decoy,specificity,6,7,0.8571,0.4869,0.9743
item,codex,C9,,sensitivity,20,23,0.8696,0.6787,0.9546
item,codex,C9,,sensitivity_any_level,20,23,0.8696,0.6787,0.9546
item,codex,C9,,specificity,6,8,0.75,0.4093,0.9285
item_variant,codex,C9,inject,sensitivity,6,8,0.75,0.4093,0.9285
item_variant,codex,C9,inject,sensitivity_any_level,6,8,0.75,0.4093,0.9285
item_variant,codex,C9,buried,sensitivity,7,8,0.875,0.5291,0.9776
item_variant,codex,C9,buried,sensitivity_any_level,7,8,0.875,0.5291,0.9776
item_variant,codex,C9,paraphrase,sensitivity,7,7,1.0,0.6457,1.0
item_variant,codex,C9,paraphrase,sensitivity_any_level,7,7,1.0,0.6457,1.0
item_variant,codex,C9,decoy,specificity,6,8,0.75,0.4093,0.9285
item,codex,C10,,sensitivity,22,22,1.0,0.8513,1.0
item,codex,C10,,sensitivity_any_level,22,22,1.0,0.8513,1.0
item,codex,C10,,specificity,2,14,0.1429,0.0401,0.3994
item,codex,C10,,deletion_level_dropped,0,6,0.0,0.0,0.3903
item_variant,codex,C10,inject,sensitivity,7,7,1.0,0.6457,1.0
item_variant,codex,C10,inject,sensitivity_any_level,7,7,1.0,0.6457,1.0
item_variant,codex,C10,buried,sensitivity,8,8,1.0,0.6756,1.0
item_variant,codex,C10,buried,sensitivity_any_level,8,8,1.0,0.6756,1.0
item_variant,codex,C10,paraphrase,sensitivity,7,7,1.0,0.6457,1.0
item_variant,codex,C10,paraphrase,sensitivity_any_level,7,7,1.0,0.6457,1.0
item_variant,codex,C10,deletion,specificity,0,6,0.0,0.0,0.3903
item_variant,codex,C10,deletion,deletion_level_dropped,0,6,0.0,0.0,0.3903
item_variant,codex,C10,decoy,specificity,2,8,0.25,0.0715,0.5907
item,codex,C11,,sensitivity,20,23,0.8696,0.6787,0.9546
item,codex,C11,,sensitivity_any_level,23,23,1.0,0.8569,1.0
item,codex,C11,,specificity,3,8,0.375,0.1368,0.6943
item_variant,codex,C11,inject,sensitivity,5,7,0.7143,0.3589,0.9178
item_variant,codex,C11,inject,sensitivity_any_level,7,7,1.0,0.6457,1.0
item_variant,codex,C11,buried,sensitivity,7,8,0.875,0.5291,0.9776
item_variant,codex,C11,buried,sensitivity_any_level,8,8,1.0,0.6756,1.0
item_variant,codex,C11,paraphrase,sensitivity,8,8,1.0,0.6756,1.0
item_variant,codex,C11,paraphrase,sensitivity_any_level,8,8,1.0,0.6756,1.0
item_variant,codex,C11,decoy,specificity,3,8,0.375,0.1368,0.6943
item,codex,C12,,sensitivity,17,17,1.0,0.8157,1.0
item,codex,C12,,sensitivity_any_level,17,17,1.0,0.8157,1.0
item,codex,C12,,specificity,2,12,0.1667,0.047,0.448
item,codex,C12,,deletion_level_dropped,0,7,0.0,0.0,0.3543
item_variant,codex,C12,inject,sensitivity,7,7,1.0,0.6457,1.0
item_variant,codex,C12,inject,sensitivity_any_level,7,7,1.0,0.6457,1.0
item_variant,codex,C12,buried,sensitivity,5,5,1.0,0.5655,1.0
item_variant,codex,C12,buried,sensitivity_any_level,5,5,1.0,0.5655,1.0
item_variant,codex,C12,paraphrase,sensitivity,5,5,1.0,0.5655,1.0
item_variant,codex,C12,paraphrase,sensitivity_any_level,5,5,1.0,0.5655,1.0
item_variant,codex,C12,deletion,specificity,0,7,0.0,0.0,0.3543
item_variant,codex,C12,deletion,deletion_level_dropped,0,7,0.0,0.0,0.3543
item_variant,codex,C12,decoy,specificity,2,5,0.4,0.1176,0.7693
item,codex,C13,,sensitivity,23,23,1.0,0.8569,1.0
item,codex,C13,,sensitivity_any_level,23,23,1.0,0.8569,1.0
item,codex,C13,,specificity,1,11,0.0909,0.0162,0.3774
item,codex,C13,,deletion_level_dropped,1,3,0.3333,0.0615,0.7923
item_variant,codex,C13,inject,sensitivity,8,8,1.0,0.6756,1.0
item_variant,codex,C13,inject,sensitivity_any_level,8,8,1.0,0.6756,1.0
item_variant,codex,C13,buried,sensitivity,8,8,1.0,0.6756,1.0
item_variant,codex,C13,buried,sensitivity_any_level,8,8,1.0,0.6756,1.0
item_variant,codex,C13,paraphrase,sensitivity,7,7,1.0,0.6457,1.0
item_variant,codex,C13,paraphrase,sensitivity_any_level,7,7,1.0,0.6457,1.0
item_variant,codex,C13,deletion,specificity,0,3,0.0,0.0,0.5615
item_variant,codex,C13,deletion,deletion_level_dropped,1,3,0.3333,0.0615,0.7923
item_variant,codex,C13,decoy,specificity,1,8,0.125,0.0224,0.4709
item,codex,C14,,sensitivity,19,19,1.0,0.8318,1.0
item,codex,C14,,sensitivity_any_level,19,19,1.0,0.8318,1.0
item,codex,C14,,specificity,6,10,0.6,0.3127,0.8318
item,codex,C14,,deletion_level_dropped,1,3,0.3333,0.0615,0.7923
item_variant,codex,C14,inject,sensitivity,8,8,1.0,0.6756,1.0
item_variant,codex,C14,inject,sensitivity_any_level,8,8,1.0,0.6756,1.0
item_variant,codex,C14,buried,sensitivity,5,5,1.0,0.5655,1.0
item_variant,codex,C14,buried,sensitivity_any_level,5,5,1.0,0.5655,1.0
item_variant,codex,C14,paraphrase,sensitivity,6,6,1.0,0.6097,1.0
item_variant,codex,C14,paraphrase,sensitivity_any_level,6,6,1.0,0.6097,1.0
item_variant,codex,C14,deletion,specificity,1,3,0.3333,0.0615,0.7923
item_variant,codex,C14,deletion,deletion_level_dropped,1,3,0.3333,0.0615,0.7923
item_variant,codex,C14,decoy,specificity,5,7,0.7143,0.3589,0.9178
item,codex,A1,,sensitivity,20,21,0.9524,0.7733,0.9915
item,codex,A1,,sensitivity_any_level,20,21,0.9524,0.7733,0.9915
item,codex,A1,,specificity,3,14,0.2143,0.0757,0.4759
item,codex,A1,,deletion_level_dropped,1,6,0.1667,0.0301,0.5635
item_variant,codex,A1,inject,sensitivity,6,7,0.8571,0.4869,0.9743
item_variant,codex,A1,inject,sensitivity_any_level,6,7,0.8571,0.4869,0.9743
item_variant,codex,A1,buried,sensitivity,7,7,1.0,0.6457,1.0
item_variant,codex,A1,buried,sensitivity_any_level,7,7,1.0,0.6457,1.0
item_variant,codex,A1,paraphrase,sensitivity,7,7,1.0,0.6457,1.0
item_variant,codex,A1,paraphrase,sensitivity_any_level,7,7,1.0,0.6457,1.0
item_variant,codex,A1,deletion,specificity,1,6,0.1667,0.0301,0.5635
item_variant,codex,A1,deletion,deletion_level_dropped,1,6,0.1667,0.0301,0.5635
item_variant,codex,A1,decoy,specificity,2,8,0.25,0.0715,0.5907
item,codex,A2,,sensitivity,23,23,1.0,0.8569,1.0
item,codex,A2,,sensitivity_any_level,23,23,1.0,0.8569,1.0
item,codex,A2,,specificity,7,11,0.6364,0.3538,0.8483
item,codex,A2,,deletion_level_dropped,1,4,0.25,0.0456,0.6994
item_variant,codex,A2,inject,sensitivity,8,8,1.0,0.6756,1.0
item_variant,codex,A2,inject,sensitivity_any_level,8,8,1.0,0.6756,1.0
item_variant,codex,A2,buried,sensitivity,8,8,1.0,0.6756,1.0
item_variant,codex,A2,buried,sensitivity_any_level,8,8,1.0,0.6756,1.0
item_variant,codex,A2,paraphrase,sensitivity,7,7,1.0,0.6457,1.0
item_variant,codex,A2,paraphrase,sensitivity_any_level,7,7,1.0,0.6457,1.0
item_variant,codex,A2,deletion,specificity,1,4,0.25,0.0456,0.6994
item_variant,codex,A2,deletion,deletion_level_dropped,1,4,0.25,0.0456,0.6994
item_variant,codex,A2,decoy,specificity,6,7,0.8571,0.4869,0.9743
item,codex,A3,,sensitivity,21,21,1.0,0.8454,1.0
item,codex,A3,,sensitivity_any_level,21,21,1.0,0.8454,1.0
item,codex,A3,,specificity,3,7,0.4286,0.1582,0.7495
item,codex,A3,,deletion_level_dropped,0,1,0.0,0.0,0.7935
item_variant,codex,A3,inject,sensitivity,8,8,1.0,0.6756,1.0
item_variant,codex,A3,inject,sensitivity_any_level,8,8,1.0,0.6756,1.0
item_variant,codex,A3,buried,sensitivity,8,8,1.0,0.6756,1.0
item_variant,codex,A3,buried,sensitivity_any_level,8,8,1.0,0.6756,1.0
item_variant,codex,A3,paraphrase,sensitivity,5,5,1.0,0.5655,1.0
item_variant,codex,A3,paraphrase,sensitivity_any_level,5,5,1.0,0.5655,1.0
item_variant,codex,A3,deletion,specificity,0,1,0.0,0.0,0.7935
item_variant,codex,A3,deletion,deletion_level_dropped,0,1,0.0,0.0,0.7935
item_variant,codex,A3,decoy,specificity,3,6,0.5,0.1876,0.8124
item,codex,A4,,sensitivity,19,24,0.7917,0.5953,0.9076
item,codex,A4,,sensitivity_any_level,24,24,1.0,0.862,1.0
item,codex,A4,,specificity,3,12,0.25,0.0889,0.5323
item,codex,A4,,deletion_level_dropped,0,4,0.0,0.0,0.4899
item_variant,codex,A4,inject,sensitivity,6,8,0.75,0.4093,0.9285
item_variant,codex,A4,inject,sensitivity_any_level,8,8,1.0,0.6756,1.0
item_variant,codex,A4,buried,sensitivity,7,8,0.875,0.5291,0.9776
item_variant,codex,A4,buried,sensitivity_any_level,8,8,1.0,0.6756,1.0
item_variant,codex,A4,paraphrase,sensitivity,6,8,0.75,0.4093,0.9285
item_variant,codex,A4,paraphrase,sensitivity_any_level,8,8,1.0,0.6756,1.0
item_variant,codex,A4,deletion,specificity,0,4,0.0,0.0,0.4899
item_variant,codex,A4,deletion,deletion_level_dropped,0,4,0.0,0.0,0.4899
item_variant,codex,A4,decoy,specificity,3,8,0.375,0.1368,0.6943
item,codex,A5,,sensitivity,19,19,1.0,0.8318,1.0
item,codex,A5,,sensitivity_any_level,19,19,1.0,0.8318,1.0
item,codex,A5,,specificity,4,10,0.4,0.1682,0.6873
item,codex,A5,,deletion_level_dropped,0,6,0.0,0.0,0.3903
item_variant,codex,A5,inject,sensitivity,6,6,1.0,0.6097,1.0
item_variant,codex,A5,inject,sensitivity_any_level,6,6,1.0,0.6097,1.0
item_variant,codex,A5,buried,sensitivity,5,5,1.0,0.5655,1.0
item_variant,codex,A5,buried,sensitivity_any_level,5,5,1.0,0.5655,1.0
item_variant,codex,A5,paraphrase,sensitivity,8,8,1.0,0.6756,1.0
item_variant,codex,A5,paraphrase,sensitivity_any_level,8,8,1.0,0.6756,1.0
item_variant,codex,A5,deletion,specificity,0,6,0.0,0.0,0.3903
item_variant,codex,A5,deletion,deletion_level_dropped,0,6,0.0,0.0,0.3903
item_variant,codex,A5,decoy,specificity,4,4,1.0,0.5101,1.0
item,codex,A6,,sensitivity,15,24,0.625,0.4271,0.7884
item,codex,A6,,sensitivity_any_level,24,24,1.0,0.862,1.0
item,codex,A6,,specificity,4,8,0.5,0.2152,0.7848
item,codex,A6,,deletion_level_dropped,2,5,0.4,0.1176,0.7693
item_variant,codex,A6,inject,sensitivity,5,8,0.625,0.3057,0.8632
item_variant,codex,A6,inject,sensitivity_any_level,8,8,1.0,0.6756,1.0
item_variant,codex,A6,buried,sensitivity,5,8,0.625,0.3057,0.8632
item_variant,codex,A6,buried,sensitivity_any_level,8,8,1.0,0.6756,1.0
item_variant,codex,A6,paraphrase,sensitivity,5,8,0.625,0.3057,0.8632
item_variant,codex,A6,paraphrase,sensitivity_any_level,8,8,1.0,0.6756,1.0
item_variant,codex,A6,deletion,specificity,2,5,0.4,0.1176,0.7693
item_variant,codex,A6,deletion,deletion_level_dropped,2,5,0.4,0.1176,0.7693
item_variant,codex,A6,decoy,specificity,2,3,0.6667,0.2077,0.9385
item,codex,A7,,sensitivity,20,20,1.0,0.8389,1.0
item,codex,A7,,sensitivity_any_level,20,20,1.0,0.8389,1.0
item,codex,A7,,specificity,6,11,0.5455,0.2801,0.7873
item,codex,A7,,deletion_level_dropped,0,4,0.0,0.0,0.4899
item_variant,codex,A7,inject,sensitivity,7,7,1.0,0.6457,1.0
item_variant,codex,A7,inject,sensitivity_any_level,7,7,1.0,0.6457,1.0
item_variant,codex,A7,buried,sensitivity,8,8,1.0,0.6756,1.0
item_variant,codex,A7,buried,sensitivity_any_level,8,8,1.0,0.6756,1.0
item_variant,codex,A7,paraphrase,sensitivity,5,5,1.0,0.5655,1.0
item_variant,codex,A7,paraphrase,sensitivity_any_level,5,5,1.0,0.5655,1.0
item_variant,codex,A7,deletion,specificity,0,4,0.0,0.0,0.4899
item_variant,codex,A7,deletion,deletion_level_dropped,0,4,0.0,0.0,0.4899
item_variant,codex,A7,decoy,specificity,6,7,0.8571,0.4869,0.9743
item,codex,A8,,sensitivity,23,23,1.0,0.8569,1.0
item,codex,A8,,sensitivity_any_level,23,23,1.0,0.8569,1.0
item,codex,A8,,specificity,4,14,0.2857,0.1172,0.5465
item,codex,A8,,deletion_level_dropped,0,7,0.0,0.0,0.3543
item_variant,codex,A8,inject,sensitivity,8,8,1.0,0.6756,1.0
item_variant,codex,A8,inject,sensitivity_any_level,8,8,1.0,0.6756,1.0
item_variant,codex,A8,buried,sensitivity,7,7,1.0,0.6457,1.0
item_variant,codex,A8,buried,sensitivity_any_level,7,7,1.0,0.6457,1.0
item_variant,codex,A8,paraphrase,sensitivity,8,8,1.0,0.6756,1.0
item_variant,codex,A8,paraphrase,sensitivity_any_level,8,8,1.0,0.6756,1.0
item_variant,codex,A8,deletion,specificity,0,7,0.0,0.0,0.3543
item_variant,codex,A8,deletion,deletion_level_dropped,0,7,0.0,0.0,0.3543
item_variant,codex,A8,decoy,specificity,4,7,0.5714,0.2505,0.8418
item,codex,A9,,sensitivity,24,24,1.0,0.862,1.0
item,codex,A9,,sensitivity_any_level,24,24,1.0,0.862,1.0
item,codex,A9,,specificity,3,12,0.25,0.0889,0.5323
item,codex,A9,,deletion_level_dropped,0,4,0.0,0.0,0.4899
item_variant,codex,A9,inject,sensitivity,8,8,1.0,0.6756,1.0
item_variant,codex,A9,inject,sensitivity_any_level,8,8,1.0,0.6756,1.0
item_variant,codex,A9,buried,sensitivity,8,8,1.0,0.6756,1.0
item_variant,codex,A9,buried,sensitivity_any_level,8,8,1.0,0.6756,1.0
item_variant,codex,A9,paraphrase,sensitivity,8,8,1.0,0.6756,1.0
item_variant,codex,A9,paraphrase,sensitivity_any_level,8,8,1.0,0.6756,1.0
item_variant,codex,A9,deletion,specificity,0,4,0.0,0.0,0.4899
item_variant,codex,A9,deletion,deletion_level_dropped,0,4,0.0,0.0,0.4899
item_variant,codex,A9,decoy,specificity,3,8,0.375,0.1368,0.6943
item,codex,A10,,sensitivity,23,23,1.0,0.8569,1.0
item,codex,A10,,sensitivity_any_level,23,23,1.0,0.8569,1.0
item,codex,A10,,specificity,9,16,0.5625,0.3318,0.769
item,codex,A10,,deletion_level_dropped,3,8,0.375,0.1368,0.6943
item_variant,codex,A10,inject,sensitivity,8,8,1.0,0.6756,1.0
item_variant,codex,A10,inject,sensitivity_any_level,8,8,1.0,0.6756,1.0
item_variant,codex,A10,buried,sensitivity,8,8,1.0,0.6756,1.0
item_variant,codex,A10,buried,sensitivity_any_level,8,8,1.0,0.6756,1.0
item_variant,codex,A10,paraphrase,sensitivity,7,7,1.0,0.6457,1.0
item_variant,codex,A10,paraphrase,sensitivity_any_level,7,7,1.0,0.6457,1.0
item_variant,codex,A10,deletion,specificity,2,8,0.25,0.0715,0.5907
item_variant,codex,A10,deletion,deletion_level_dropped,3,8,0.375,0.1368,0.6943
item_variant,codex,A10,decoy,specificity,7,8,0.875,0.5291,0.9776
item,codex,A11,,sensitivity,19,19,1.0,0.8318,1.0
item,codex,A11,,sensitivity_any_level,19,19,1.0,0.8318,1.0
item,codex,A11,,specificity,4,14,0.2857,0.1172,0.5465
item,codex,A11,,deletion_level_dropped,3,8,0.375,0.1368,0.6943
item_variant,codex,A11,inject,sensitivity,6,6,1.0,0.6097,1.0
item_variant,codex,A11,inject,sensitivity_any_level,6,6,1.0,0.6097,1.0
item_variant,codex,A11,buried,sensitivity,7,7,1.0,0.6457,1.0
item_variant,codex,A11,buried,sensitivity_any_level,7,7,1.0,0.6457,1.0
item_variant,codex,A11,paraphrase,sensitivity,6,6,1.0,0.6097,1.0
item_variant,codex,A11,paraphrase,sensitivity_any_level,6,6,1.0,0.6097,1.0
item_variant,codex,A11,deletion,specificity,1,8,0.125,0.0224,0.4709
item_variant,codex,A11,deletion,deletion_level_dropped,3,8,0.375,0.1368,0.6943
item_variant,codex,A11,decoy,specificity,3,6,0.5,0.1876,0.8124
overall,sonnet,,,sensitivity,527,542,0.9723,0.9548,0.9832
overall,sonnet,,,sensitivity_any_level,541,542,0.9982,0.9896,0.9997
overall,sonnet,,,specificity,117,290,0.4034,0.3486,0.4608
overall,sonnet,,,deletion_level_dropped,22,117,0.188,0.1276,0.2683
variant,sonnet,,inject,sensitivity,181,187,0.9679,0.9318,0.9852
variant,sonnet,,inject,sensitivity_any_level,187,187,1.0,0.9799,1.0
variant,sonnet,,buried,sensitivity,178,181,0.9834,0.9524,0.9943
variant,sonnet,,buried,sensitivity_any_level,181,181,1.0,0.9792,1.0
variant,sonnet,,paraphrase,sensitivity,168,174,0.9655,0.9268,0.9841
variant,sonnet,,paraphrase,sensitivity_any_level,173,174,0.9943,0.9682,0.999
variant,sonnet,,deletion,specificity,16,117,0.1368,0.086,0.2106
variant,sonnet,,deletion,deletion_level_dropped,22,117,0.188,0.1276,0.2683
variant,sonnet,,decoy,specificity,101,173,0.5838,0.5093,0.6547
item,sonnet,C1,,sensitivity,20,20,1.0,0.8389,1.0
item,sonnet,C1,,sensitivity_any_level,20,20,1.0,0.8389,1.0
item,sonnet,C1,,specificity,6,13,0.4615,0.2321,0.7086
item,sonnet,C1,,deletion_level_dropped,0,6,0.0,0.0,0.3903
item_variant,sonnet,C1,inject,sensitivity,7,7,1.0,0.6457,1.0
item_variant,sonnet,C1,inject,sensitivity_any_level,7,7,1.0,0.6457,1.0
item_variant,sonnet,C1,buried,sensitivity,7,7,1.0,0.6457,1.0
item_variant,sonnet,C1,buried,sensitivity_any_level,7,7,1.0,0.6457,1.0
item_variant,sonnet,C1,paraphrase,sensitivity,6,6,1.0,0.6097,1.0
item_variant,sonnet,C1,paraphrase,sensitivity_any_level,6,6,1.0,0.6097,1.0
item_variant,sonnet,C1,deletion,specificity,0,6,0.0,0.0,0.3903
item_variant,sonnet,C1,deletion,deletion_level_dropped,0,6,0.0,0.0,0.3903
item_variant,sonnet,C1,decoy,specificity,6,7,0.8571,0.4869,0.9743
item,sonnet,C2,,sensitivity,18,18,1.0,0.8241,1.0
item,sonnet,C2,,sensitivity_any_level,18,18,1.0,0.8241,1.0
item,sonnet,C2,,specificity,8,14,0.5714,0.3259,0.7862
item,sonnet,C2,,deletion_level_dropped,1,7,0.1429,0.0257,0.5131
item_variant,sonnet,C2,inject,sensitivity,8,8,1.0,0.6756,1.0
item_variant,sonnet,C2,inject,sensitivity_any_level,8,8,1.0,0.6756,1.0
item_variant,sonnet,C2,buried,sensitivity,4,4,1.0,0.5101,1.0
item_variant,sonnet,C2,buried,sensitivity_any_level,4,4,1.0,0.5101,1.0
item_variant,sonnet,C2,paraphrase,sensitivity,6,6,1.0,0.6097,1.0
item_variant,sonnet,C2,paraphrase,sensitivity_any_level,6,6,1.0,0.6097,1.0
item_variant,sonnet,C2,deletion,specificity,1,7,0.1429,0.0257,0.5131
item_variant,sonnet,C2,deletion,deletion_level_dropped,1,7,0.1429,0.0257,0.5131
item_variant,sonnet,C2,decoy,specificity,7,7,1.0,0.6457,1.0
item,sonnet,C3,,sensitivity,22,23,0.9565,0.7901,0.9923
item,sonnet,C3,,sensitivity_any_level,23,23,1.0,0.8569,1.0
item,sonnet,C3,,specificity,11,15,0.7333,0.4805,0.891
item,sonnet,C3,,deletion_level_dropped,4,7,0.5714,0.2505,0.8418
item_variant,sonnet,C3,inject,sensitivity,7,8,0.875,0.5291,0.9776
item_variant,sonnet,C3,inject,sensitivity_any_level,8,8,1.0,0.6756,1.0
item_variant,sonnet,C3,buried,sensitivity,8,8,1.0,0.6756,1.0
item_variant,sonnet,C3,buried,sensitivity_any_level,8,8,1.0,0.6756,1.0
item_variant,sonnet,C3,paraphrase,sensitivity,7,7,1.0,0.6457,1.0
item_variant,sonnet,C3,paraphrase,sensitivity_any_level,7,7,1.0,0.6457,1.0
item_variant,sonnet,C3,deletion,specificity,4,7,0.5714,0.2505,0.8418
item_variant,sonnet,C3,deletion,deletion_level_dropped,4,7,0.5714,0.2505,0.8418
item_variant,sonnet,C3,decoy,specificity,7,8,0.875,0.5291,0.9776
item,sonnet,C4,,sensitivity,23,23,1.0,0.8569,1.0
item,sonnet,C4,,sensitivity_any_level,23,23,1.0,0.8569,1.0
item,sonnet,C4,,specificity,9,12,0.75,0.4677,0.9111
item,sonnet,C4,,deletion_level_dropped,2,5,0.4,0.1176,0.7693
item_variant,sonnet,C4,inject,sensitivity,8,8,1.0,0.6756,1.0
item_variant,sonnet,C4,inject,sensitivity_any_level,8,8,1.0,0.6756,1.0
item_variant,sonnet,C4,buried,sensitivity,8,8,1.0,0.6756,1.0
item_variant,sonnet,C4,buried,sensitivity_any_level,8,8,1.0,0.6756,1.0
item_variant,sonnet,C4,paraphrase,sensitivity,7,7,1.0,0.6457,1.0
item_variant,sonnet,C4,paraphrase,sensitivity_any_level,7,7,1.0,0.6457,1.0
item_variant,sonnet,C4,deletion,specificity,2,5,0.4,0.1176,0.7693
item_variant,sonnet,C4,deletion,deletion_level_dropped,2,5,0.4,0.1176,0.7693
item_variant,sonnet,C4,decoy,specificity,7,7,1.0,0.6457,1.0
item,sonnet,C5,,sensitivity,21,21,1.0,0.8454,1.0
item,sonnet,C5,,sensitivity_any_level,21,21,1.0,0.8454,1.0
item,sonnet,C5,,specificity,4,15,0.2667,0.109,0.5195
item,sonnet,C5,,deletion_level_dropped,2,7,0.2857,0.0822,0.6411
item_variant,sonnet,C5,inject,sensitivity,6,6,1.0,0.6097,1.0
item_variant,sonnet,C5,inject,sensitivity_any_level,6,6,1.0,0.6097,1.0
item_variant,sonnet,C5,buried,sensitivity,7,7,1.0,0.6457,1.0
item_variant,sonnet,C5,buried,sensitivity_any_level,7,7,1.0,0.6457,1.0
item_variant,sonnet,C5,paraphrase,sensitivity,8,8,1.0,0.6756,1.0
item_variant,sonnet,C5,paraphrase,sensitivity_any_level,8,8,1.0,0.6756,1.0
item_variant,sonnet,C5,deletion,specificity,1,7,0.1429,0.0257,0.5131
item_variant,sonnet,C5,deletion,deletion_level_dropped,2,7,0.2857,0.0822,0.6411
item_variant,sonnet,C5,decoy,specificity,3,8,0.375,0.1368,0.6943
item,sonnet,C6,,sensitivity,21,21,1.0,0.8454,1.0
item,sonnet,C6,,sensitivity_any_level,21,21,1.0,0.8454,1.0
item,sonnet,C6,,specificity,1,7,0.1429,0.0257,0.5131
item,sonnet,C6,,deletion_level_dropped,0,2,0.0,0.0,0.6576
item_variant,sonnet,C6,inject,sensitivity,7,7,1.0,0.6457,1.0
item_variant,sonnet,C6,inject,sensitivity_any_level,7,7,1.0,0.6457,1.0
item_variant,sonnet,C6,buried,sensitivity,7,7,1.0,0.6457,1.0
item_variant,sonnet,C6,buried,sensitivity_any_level,7,7,1.0,0.6457,1.0
item_variant,sonnet,C6,paraphrase,sensitivity,7,7,1.0,0.6457,1.0
item_variant,sonnet,C6,paraphrase,sensitivity_any_level,7,7,1.0,0.6457,1.0
item_variant,sonnet,C6,deletion,specificity,0,2,0.0,0.0,0.6576
item_variant,sonnet,C6,deletion,deletion_level_dropped,0,2,0.0,0.0,0.6576
item_variant,sonnet,C6,decoy,specificity,1,5,0.2,0.0362,0.6245
item,sonnet,C7,,sensitivity,22,24,0.9167,0.7415,0.9768
item,sonnet,C7,,sensitivity_any_level,24,24,1.0,0.862,1.0
item,sonnet,C7,,specificity,5,11,0.4545,0.2127,0.7199
item,sonnet,C7,,deletion_level_dropped,2,3,0.6667,0.2077,0.9385
item_variant,sonnet,C7,inject,sensitivity,7,8,0.875,0.5291,0.9776
item_variant,sonnet,C7,inject,sensitivity_any_level,8,8,1.0,0.6756,1.0
item_variant,sonnet,C7,buried,sensitivity,8,8,1.0,0.6756,1.0
item_variant,sonnet,C7,buried,sensitivity_any_level,8,8,1.0,0.6756,1.0
item_variant,sonnet,C7,paraphrase,sensitivity,7,8,0.875,0.5291,0.9776
item_variant,sonnet,C7,paraphrase,sensitivity_any_level,8,8,1.0,0.6756,1.0
item_variant,sonnet,C7,deletion,specificity,1,3,0.3333,0.0615,0.7923
item_variant,sonnet,C7,deletion,deletion_level_dropped,2,3,0.6667,0.2077,0.9385
item_variant,sonnet,C7,decoy,specificity,4,8,0.5,0.2152,0.7848
item,sonnet,C8,,sensitivity,24,24,1.0,0.862,1.0
item,sonnet,C8,,sensitivity_any_level,24,24,1.0,0.862,1.0
item,sonnet,C8,,specificity,10,11,0.9091,0.6226,0.9838
item,sonnet,C8,,deletion_level_dropped,3,4,0.75,0.3006,0.9544
item_variant,sonnet,C8,inject,sensitivity,8,8,1.0,0.6756,1.0
item_variant,sonnet,C8,inject,sensitivity_any_level,8,8,1.0,0.6756,1.0
item_variant,sonnet,C8,buried,sensitivity,8,8,1.0,0.6756,1.0
item_variant,sonnet,C8,buried,sensitivity_any_level,8,8,1.0,0.6756,1.0
item_variant,sonnet,C8,paraphrase,sensitivity,8,8,1.0,0.6756,1.0
item_variant,sonnet,C8,paraphrase,sensitivity_any_level,8,8,1.0,0.6756,1.0
item_variant,sonnet,C8,deletion,specificity,3,4,0.75,0.3006,0.9544
item_variant,sonnet,C8,deletion,deletion_level_dropped,3,4,0.75,0.3006,0.9544
item_variant,sonnet,C8,decoy,specificity,7,7,1.0,0.6457,1.0
item,sonnet,C9,,sensitivity,23,23,1.0,0.8569,1.0
item,sonnet,C9,,sensitivity_any_level,23,23,1.0,0.8569,1.0
item,sonnet,C9,,specificity,2,8,0.25,0.0715,0.5907
item_variant,sonnet,C9,inject,sensitivity,8,8,1.0,0.6756,1.0
item_variant,sonnet,C9,inject,sensitivity_any_level,8,8,1.0,0.6756,1.0
item_variant,sonnet,C9,buried,sensitivity,8,8,1.0,0.6756,1.0
item_variant,sonnet,C9,buried,sensitivity_any_level,8,8,1.0,0.6756,1.0
item_variant,sonnet,C9,paraphrase,sensitivity,7,7,1.0,0.6457,1.0
item_variant,sonnet,C9,paraphrase,sensitivity_any_level,7,7,1.0,0.6457,1.0
item_variant,sonnet,C9,decoy,specificity,2,8,0.25,0.0715,0.5907
item,sonnet,C10,,sensitivity,22,22,1.0,0.8513,1.0
item,sonnet,C10,,sensitivity_any_level,22,22,1.0,0.8513,1.0
item,sonnet,C10,,specificity,4,14,0.2857,0.1172,0.5465
item,sonnet,C10,,deletion_level_dropped,1,6,0.1667,0.0301,0.5635
item_variant,sonnet,C10,inject,sensitivity,7,7,1.0,0.6457,1.0
item_variant,sonnet,C10,inject,sensitivity_any_level,7,7,1.0,0.6457,1.0
item_variant,sonnet,C10,buried,sensitivity,8,8,1.0,0.6756,1.0
item_variant,sonnet,C10,buried,sensitivity_any_level,8,8,1.0,0.6756,1.0
item_variant,sonnet,C10,paraphrase,sensitivity,7,7,1.0,0.6457,1.0
item_variant,sonnet,C10,paraphrase,sensitivity_any_level,7,7,1.0,0.6457,1.0
item_variant,sonnet,C10,deletion,specificity,1,6,0.1667,0.0301,0.5635
item_variant,sonnet,C10,deletion,deletion_level_dropped,1,6,0.1667,0.0301,0.5635
item_variant,sonnet,C10,decoy,specificity,3,8,0.375,0.1368,0.6943
item,sonnet,C11,,sensitivity,20,23,0.8696,0.6787,0.9546
item,sonnet,C11,,sensitivity_any_level,23,23,1.0,0.8569,1.0
item,sonnet,C11,,specificity,3,8,0.375,0.1368,0.6943
item_variant,sonnet,C11,inject,sensitivity,5,7,0.7143,0.3589,0.9178
item_variant,sonnet,C11,inject,sensitivity_any_level,7,7,1.0,0.6457,1.0
item_variant,sonnet,C11,buried,sensitivity,8,8,1.0,0.6756,1.0
item_variant,sonnet,C11,buried,sensitivity_any_level,8,8,1.0,0.6756,1.0
item_variant,sonnet,C11,paraphrase,sensitivity,7,8,0.875,0.5291,0.9776
item_variant,sonnet,C11,paraphrase,sensitivity_any_level,8,8,1.0,0.6756,1.0
item_variant,sonnet,C11,decoy,specificity,3,8,0.375,0.1368,0.6943
item,sonnet,C12,,sensitivity,17,17,1.0,0.8157,1.0
item,sonnet,C12,,sensitivity_any_level,17,17,1.0,0.8157,1.0
item,sonnet,C12,,specificity,2,12,0.1667,0.047,0.448
item,sonnet,C12,,deletion_level_dropped,0,7,0.0,0.0,0.3543
item_variant,sonnet,C12,inject,sensitivity,7,7,1.0,0.6457,1.0
item_variant,sonnet,C12,inject,sensitivity_any_level,7,7,1.0,0.6457,1.0
item_variant,sonnet,C12,buried,sensitivity,5,5,1.0,0.5655,1.0
item_variant,sonnet,C12,buried,sensitivity_any_level,5,5,1.0,0.5655,1.0
item_variant,sonnet,C12,paraphrase,sensitivity,5,5,1.0,0.5655,1.0
item_variant,sonnet,C12,paraphrase,sensitivity_any_level,5,5,1.0,0.5655,1.0
item_variant,sonnet,C12,deletion,specificity,0,7,0.0,0.0,0.3543
item_variant,sonnet,C12,deletion,deletion_level_dropped,0,7,0.0,0.0,0.3543
item_variant,sonnet,C12,decoy,specificity,2,5,0.4,0.1176,0.7693
item,sonnet,C13,,sensitivity,23,23,1.0,0.8569,1.0
item,sonnet,C13,,sensitivity_any_level,23,23,1.0,0.8569,1.0
item,sonnet,C13,,specificity,1,11,0.0909,0.0162,0.3774
item,sonnet,C13,,deletion_level_dropped,0,3,0.0,0.0,0.5615
item_variant,sonnet,C13,inject,sensitivity,8,8,1.0,0.6756,1.0
item_variant,sonnet,C13,inject,sensitivity_any_level,8,8,1.0,0.6756,1.0
item_variant,sonnet,C13,buried,sensitivity,8,8,1.0,0.6756,1.0
item_variant,sonnet,C13,buried,sensitivity_any_level,8,8,1.0,0.6756,1.0
item_variant,sonnet,C13,paraphrase,sensitivity,7,7,1.0,0.6457,1.0
item_variant,sonnet,C13,paraphrase,sensitivity_any_level,7,7,1.0,0.6457,1.0
item_variant,sonnet,C13,deletion,specificity,0,3,0.0,0.0,0.5615
item_variant,sonnet,C13,deletion,deletion_level_dropped,0,3,0.0,0.0,0.5615
item_variant,sonnet,C13,decoy,specificity,1,8,0.125,0.0224,0.4709
item,sonnet,C14,,sensitivity,19,19,1.0,0.8318,1.0
item,sonnet,C14,,sensitivity_any_level,19,19,1.0,0.8318,1.0
item,sonnet,C14,,specificity,6,10,0.6,0.3127,0.8318
item,sonnet,C14,,deletion_level_dropped,1,3,0.3333,0.0615,0.7923
item_variant,sonnet,C14,inject,sensitivity,8,8,1.0,0.6756,1.0
item_variant,sonnet,C14,inject,sensitivity_any_level,8,8,1.0,0.6756,1.0
item_variant,sonnet,C14,buried,sensitivity,5,5,1.0,0.5655,1.0
item_variant,sonnet,C14,buried,sensitivity_any_level,5,5,1.0,0.5655,1.0
item_variant,sonnet,C14,paraphrase,sensitivity,6,6,1.0,0.6097,1.0
item_variant,sonnet,C14,paraphrase,sensitivity_any_level,6,6,1.0,0.6097,1.0
item_variant,sonnet,C14,deletion,specificity,1,3,0.3333,0.0615,0.7923
item_variant,sonnet,C14,deletion,deletion_level_dropped,1,3,0.3333,0.0615,0.7923
item_variant,sonnet,C14,decoy,specificity,5,7,0.7143,0.3589,0.9178
item,sonnet,A1,,sensitivity,21,21,1.0,0.8454,1.0
item,sonnet,A1,,sensitivity_any_level,21,21,1.0,0.8454,1.0
item,sonnet,A1,,specificity,2,14,0.1429,0.0401,0.3994
item,sonnet,A1,,deletion_level_dropped,0,6,0.0,0.0,0.3903
item_variant,sonnet,A1,inject,sensitivity,7,7,1.0,0.6457,1.0
item_variant,sonnet,A1,inject,sensitivity_any_level,7,7,1.0,0.6457,1.0
item_variant,sonnet,A1,buried,sensitivity,7,7,1.0,0.6457,1.0
item_variant,sonnet,A1,buried,sensitivity_any_level,7,7,1.0,0.6457,1.0
item_variant,sonnet,A1,paraphrase,sensitivity,7,7,1.0,0.6457,1.0
item_variant,sonnet,A1,paraphrase,sensitivity_any_level,7,7,1.0,0.6457,1.0
item_variant,sonnet,A1,deletion,specificity,0,6,0.0,0.0,0.3903
item_variant,sonnet,A1,deletion,deletion_level_dropped,0,6,0.0,0.0,0.3903
item_variant,sonnet,A1,decoy,specificity,2,8,0.25,0.0715,0.5907
item,sonnet,A2,,sensitivity,23,23,1.0,0.8569,1.0
item,sonnet,A2,,sensitivity_any_level,23,23,1.0,0.8569,1.0
item,sonnet,A2,,specificity,6,11,0.5455,0.2801,0.7873
item,sonnet,A2,,deletion_level_dropped,0,4,0.0,0.0,0.4899
item_variant,sonnet,A2,inject,sensitivity,8,8,1.0,0.6756,1.0
item_variant,sonnet,A2,inject,sensitivity_any_level,8,8,1.0,0.6756,1.0
item_variant,sonnet,A2,buried,sensitivity,8,8,1.0,0.6756,1.0
item_variant,sonnet,A2,buried,sensitivity_any_level,8,8,1.0,0.6756,1.0
item_variant,sonnet,A2,paraphrase,sensitivity,7,7,1.0,0.6457,1.0
item_variant,sonnet,A2,paraphrase,sensitivity_any_level,7,7,1.0,0.6457,1.0
item_variant,sonnet,A2,deletion,specificity,0,4,0.0,0.0,0.4899
item_variant,sonnet,A2,deletion,deletion_level_dropped,0,4,0.0,0.0,0.4899
item_variant,sonnet,A2,decoy,specificity,6,7,0.8571,0.4869,0.9743
item,sonnet,A3,,sensitivity,21,21,1.0,0.8454,1.0
item,sonnet,A3,,sensitivity_any_level,21,21,1.0,0.8454,1.0
item,sonnet,A3,,specificity,6,7,0.8571,0.4869,0.9743
item,sonnet,A3,,deletion_level_dropped,0,1,0.0,0.0,0.7935
item_variant,sonnet,A3,inject,sensitivity,8,8,1.0,0.6756,1.0
item_variant,sonnet,A3,inject,sensitivity_any_level,8,8,1.0,0.6756,1.0
item_variant,sonnet,A3,buried,sensitivity,8,8,1.0,0.6756,1.0
item_variant,sonnet,A3,buried,sensitivity_any_level,8,8,1.0,0.6756,1.0
item_variant,sonnet,A3,paraphrase,sensitivity,5,5,1.0,0.5655,1.0
item_variant,sonnet,A3,paraphrase,sensitivity_any_level,5,5,1.0,0.5655,1.0
item_variant,sonnet,A3,deletion,specificity,0,1,0.0,0.0,0.7935
item_variant,sonnet,A3,deletion,deletion_level_dropped,0,1,0.0,0.0,0.7935
item_variant,sonnet,A3,decoy,specificity,6,6,1.0,0.6097,1.0
item,sonnet,A4,,sensitivity,16,24,0.6667,0.4671,0.8203
item,sonnet,A4,,sensitivity_any_level,24,24,1.0,0.862,1.0
item,sonnet,A4,,specificity,3,12,0.25,0.0889,0.5323
item,sonnet,A4,,deletion_level_dropped,0,4,0.0,0.0,0.4899
item_variant,sonnet,A4,inject,sensitivity,6,8,0.75,0.4093,0.9285
item_variant,sonnet,A4,inject,sensitivity_any_level,8,8,1.0,0.6756,1.0
item_variant,sonnet,A4,buried,sensitivity,5,8,0.625,0.3057,0.8632
item_variant,sonnet,A4,buried,sensitivity_any_level,8,8,1.0,0.6756,1.0
item_variant,sonnet,A4,paraphrase,sensitivity,5,8,0.625,0.3057,0.8632
item_variant,sonnet,A4,paraphrase,sensitivity_any_level,8,8,1.0,0.6756,1.0
item_variant,sonnet,A4,deletion,specificity,0,4,0.0,0.0,0.4899
item_variant,sonnet,A4,deletion,deletion_level_dropped,0,4,0.0,0.0,0.4899
item_variant,sonnet,A4,decoy,specificity,3,8,0.375,0.1368,0.6943
item,sonnet,A5,,sensitivity,19,19,1.0,0.8318,1.0
item,sonnet,A5,,sensitivity_any_level,19,19,1.0,0.8318,1.0
item,sonnet,A5,,specificity,3,10,0.3,0.1078,0.6032
item,sonnet,A5,,deletion_level_dropped,0,6,0.0,0.0,0.3903
item_variant,sonnet,A5,inject,sensitivity,6,6,1.0,0.6097,1.0
item_variant,sonnet,A5,inject,sensitivity_any_level,6,6,1.0,0.6097,1.0
item_variant,sonnet,A5,buried,sensitivity,5,5,1.0,0.5655,1.0
item_variant,sonnet,A5,buried,sensitivity_any_level,5,5,1.0,0.5655,1.0
item_variant,sonnet,A5,paraphrase,sensitivity,8,8,1.0,0.6756,1.0
item_variant,sonnet,A5,paraphrase,sensitivity_any_level,8,8,1.0,0.6756,1.0
item_variant,sonnet,A5,deletion,specificity,0,6,0.0,0.0,0.3903
item_variant,sonnet,A5,deletion,deletion_level_dropped,0,6,0.0,0.0,0.3903
item_variant,sonnet,A5,decoy,specificity,3,4,0.75,0.3006,0.9544
item,sonnet,A6,,sensitivity,24,24,1.0,0.862,1.0
item,sonnet,A6,,sensitivity_any_level,24,24,1.0,0.862,1.0
item,sonnet,A6,,specificity,3,8,0.375,0.1368,0.6943
item,sonnet,A6,,deletion_level_dropped,1,5,0.2,0.0362,0.6245
item_variant,sonnet,A6,inject,sensitivity,8,8,1.0,0.6756,1.0
item_variant,sonnet,A6,inject,sensitivity_any_level,8,8,1.0,0.6756,1.0
item_variant,sonnet,A6,buried,sensitivity,8,8,1.0,0.6756,1.0
item_variant,sonnet,A6,buried,sensitivity_any_level,8,8,1.0,0.6756,1.0
item_variant,sonnet,A6,paraphrase,sensitivity,8,8,1.0,0.6756,1.0
item_variant,sonnet,A6,paraphrase,sensitivity_any_level,8,8,1.0,0.6756,1.0
item_variant,sonnet,A6,deletion,specificity,1,5,0.2,0.0362,0.6245
item_variant,sonnet,A6,deletion,deletion_level_dropped,1,5,0.2,0.0362,0.6245
item_variant,sonnet,A6,decoy,specificity,2,3,0.6667,0.2077,0.9385
item,sonnet,A7,,sensitivity,20,20,1.0,0.8389,1.0
item,sonnet,A7,,sensitivity_any_level,20,20,1.0,0.8389,1.0
item,sonnet,A7,,specificity,4,11,0.3636,0.1517,0.6462
item,sonnet,A7,,deletion_level_dropped,0,4,0.0,0.0,0.4899
item_variant,sonnet,A7,inject,sensitivity,7,7,1.0,0.6457,1.0
item_variant,sonnet,A7,inject,sensitivity_any_level,7,7,1.0,0.6457,1.0
item_variant,sonnet,A7,buried,sensitivity,8,8,1.0,0.6756,1.0
item_variant,sonnet,A7,buried,sensitivity_any_level,8,8,1.0,0.6756,1.0
item_variant,sonnet,A7,paraphrase,sensitivity,5,5,1.0,0.5655,1.0
item_variant,sonnet,A7,paraphrase,sensitivity_any_level,5,5,1.0,0.5655,1.0
item_variant,sonnet,A7,deletion,specificity,0,4,0.0,0.0,0.4899
item_variant,sonnet,A7,deletion,deletion_level_dropped,0,4,0.0,0.0,0.4899
item_variant,sonnet,A7,decoy,specificity,4,7,0.5714,0.2505,0.8418
item,sonnet,A8,,sensitivity,23,23,1.0,0.8569,1.0
item,sonnet,A8,,sensitivity_any_level,23,23,1.0,0.8569,1.0
item,sonnet,A8,,specificity,4,14,0.2857,0.1172,0.5465
item,sonnet,A8,,deletion_level_dropped,0,7,0.0,0.0,0.3543
item_variant,sonnet,A8,inject,sensitivity,8,8,1.0,0.6756,1.0
item_variant,sonnet,A8,inject,sensitivity_any_level,8,8,1.0,0.6756,1.0
item_variant,sonnet,A8,buried,sensitivity,7,7,1.0,0.6457,1.0
item_variant,sonnet,A8,buried,sensitivity_any_level,7,7,1.0,0.6457,1.0
item_variant,sonnet,A8,paraphrase,sensitivity,8,8,1.0,0.6756,1.0
item_variant,sonnet,A8,paraphrase,sensitivity_any_level,8,8,1.0,0.6756,1.0
item_variant,sonnet,A8,deletion,specificity,0,7,0.0,0.0,0.3543
item_variant,sonnet,A8,deletion,deletion_level_dropped,0,7,0.0,0.0,0.3543
item_variant,sonnet,A8,decoy,specificity,4,7,0.5714,0.2505,0.8418
item,sonnet,A9,,sensitivity,24,24,1.0,0.862,1.0
item,sonnet,A9,,sensitivity_any_level,24,24,1.0,0.862,1.0
item,sonnet,A9,,specificity,3,12,0.25,0.0889,0.5323
item,sonnet,A9,,deletion_level_dropped,1,4,0.25,0.0456,0.6994
item_variant,sonnet,A9,inject,sensitivity,8,8,1.0,0.6756,1.0
item_variant,sonnet,A9,inject,sensitivity_any_level,8,8,1.0,0.6756,1.0
item_variant,sonnet,A9,buried,sensitivity,8,8,1.0,0.6756,1.0
item_variant,sonnet,A9,buried,sensitivity_any_level,8,8,1.0,0.6756,1.0
item_variant,sonnet,A9,paraphrase,sensitivity,8,8,1.0,0.6756,1.0
item_variant,sonnet,A9,paraphrase,sensitivity_any_level,8,8,1.0,0.6756,1.0
item_variant,sonnet,A9,deletion,specificity,1,4,0.25,0.0456,0.6994
item_variant,sonnet,A9,deletion,deletion_level_dropped,1,4,0.25,0.0456,0.6994
item_variant,sonnet,A9,decoy,specificity,2,8,0.25,0.0715,0.5907
item,sonnet,A10,,sensitivity,23,23,1.0,0.8569,1.0
item,sonnet,A10,,sensitivity_any_level,23,23,1.0,0.8569,1.0
item,sonnet,A10,,specificity,8,16,0.5,0.28,0.72
item,sonnet,A10,,deletion_level_dropped,1,8,0.125,0.0224,0.4709
item_variant,sonnet,A10,inject,sensitivity,8,8,1.0,0.6756,1.0
item_variant,sonnet,A10,inject,sensitivity_any_level,8,8,1.0,0.6756,1.0
item_variant,sonnet,A10,buried,sensitivity,8,8,1.0,0.6756,1.0
item_variant,sonnet,A10,buried,sensitivity_any_level,8,8,1.0,0.6756,1.0
item_variant,sonnet,A10,paraphrase,sensitivity,7,7,1.0,0.6457,1.0
item_variant,sonnet,A10,paraphrase,sensitivity_any_level,7,7,1.0,0.6457,1.0
item_variant,sonnet,A10,deletion,specificity,0,8,0.0,0.0,0.3244
item_variant,sonnet,A10,deletion,deletion_level_dropped,1,8,0.125,0.0224,0.4709
item_variant,sonnet,A10,decoy,specificity,8,8,1.0,0.6756,1.0
item,sonnet,A11,,sensitivity,18,19,0.9474,0.7536,0.9906
item,sonnet,A11,,sensitivity_any_level,18,19,0.9474,0.7536,0.9906
item,sonnet,A11,,specificity,3,14,0.2143,0.0757,0.4759
item,sonnet,A11,,deletion_level_dropped,3,8,0.375,0.1368,0.6943
item_variant,sonnet,A11,inject,sensitivity,6,6,1.0,0.6097,1.0
item_variant,sonnet,A11,inject,sensitivity_any_level,6,6,1.0,0.6097,1.0
item_variant,sonnet,A11,buried,sensitivity,7,7,1.0,0.6457,1.0
item_variant,sonnet,A11,buried,sensitivity_any_level,7,7,1.0,0.6457,1.0
item_variant,sonnet,A11,paraphrase,sensitivity,5,6,0.8333,0.4365,0.9699
item_variant,sonnet,A11,paraphrase,sensitivity_any_level,5,6,0.8333,0.4365,0.9699
item_variant,sonnet,A11,deletion,specificity,0,8,0.0,0.0,0.3244
item_variant,sonnet,A11,deletion,deletion_level_dropped,3,8,0.375,0.1368,0.6943
item_variant,sonnet,A11,decoy,specificity,3,6,0.5,0.1876,0.8124
