set,benchmark,arxiv_id,title_checked_against_arxiv_api
betterbench,BBQ,2110.08193,BBQ: A Hand-Built Bias Benchmark for Question Answering
betterbench,BOLD,2101.11718,BOLD: Dataset and Metrics for Measuring Biases in Open-Ended Language Generation
betterbench,TruthfulQA,2109.07958,TruthfulQA: Measuring How Models Mimic Human Falsehoods
betterbench,MMLU,2009.03300,Measuring Massive Multitask Language Understanding
betterbench,ARC-Challenge,1803.05457,Think you have Solved Question Answering? Try ARC; the AI2 Reasoning Challenge
betterbench,WinoGrande,1907.10641,WinoGrande: An Adversarial Winograd Schema Challenge at Scale
betterbench,HumanEval,2107.03374,Evaluating Large Language Models Trained on Code
betterbench,GSM8k,2110.14168,Training Verifiers to Solve Math Word Problems
betterbench,HellaSwag,1905.07830,HellaSwag: Can a Machine Really Finish Your Sentence?
betterbench,Machiavelli,2304.03279,Do the Rewards Justify the Means? Measuring Trade-Offs Between Rewards and Ethical Behavior in the MACHIAVELLI Benchmark
betterbench,AgentBench,2308.03688,AgentBench: Evaluating LLMs as Agents
betterbench,MLCommons AI Safety v0.5,2404.12241,Introducing v0.5 of the AI Safety Benchmark from MLCommons
betterbench,GPQA,2311.12022,GPQA: A Graduate-Level Google-Proof Q&A Benchmark
betterbench,BIG-bench,2206.04615,Beyond the Imitation Game: Quantifying and extrapolating the capabilities of language models
betterbench,DecodingTrust,2306.11698,DecodingTrust: A Comprehensive Assessment of Trustworthiness in GPT Models
betterbench,Procgen,1912.01588,Leveraging Procedural Generation to Benchmark Reinforcement Learning
betterbench,MedMNIST v2,2110.14795,MedMNIST v2 -- A large-scale lightweight benchmark for 2D and 3D biomedical image classification
betterbench,Wordcraft,2007.09185,WordCraft: An Environment for Benchmarking Commonsense Agents
betterbench,RL Unplugged,2006.13888,RL Unplugged: A Suite of Benchmarks for Offline Reinforcement Learning
betterbench,FinRL-Meta,2211.03107,FinRL-Meta: Market Environments and Benchmarks for Data-Driven Financial Reinforcement Learning
betterbench,SafeBench,2206.09682,SafeBench: A Benchmarking Platform for Safety Evaluation of Autonomous Vehicles
betterbench,PDEBench,2210.07182,PDEBENCH: An Extensive Benchmark for Scientific Machine Learning
betterbench,ALE,1207.4708,The Arcade Learning Environment: An Evaluation Platform for General Agents
