item_id,included,reason
T.1,yes,T.* and R.* items
T.2,yes,T.* and R.* items
T.3,yes,T.* and R.* items
T.4,yes,T.* and R.* items
T.5,yes,T.* and R.* items
T.6,yes,T.* and R.* items
T.7,yes,T.* and R.* items
T.8,yes,T.* and R.* items
T.9,yes,T.* and R.* items
T.10,no,construct mismatch: instrument CSV text (outlier inspection) differs from the assessment's App. D definition (implementation free of vulnerabilities)
O.a.1,no,O.* item scored for fewer than 5 benchmarks in the published assessment
O.a.2,no,O.* item scored for fewer than 5 benchmarks in the published assessment
O.b.1,no,O.* item scored for fewer than 5 benchmarks in the published assessment
O.b.2,no,O.* item scored for fewer than 5 benchmarks in the published assessment
O.b.3,no,O.* item scored for fewer than 5 benchmarks in the published assessment
O.c.1,no,O.* item scored for fewer than 5 benchmarks in the published assessment
O.c.2,no,O.* item scored for fewer than 5 benchmarks in the published assessment
O.d.1,no,O.* item scored for fewer than 5 benchmarks in the published assessment
O.d.2,no,O.* item scored for fewer than 5 benchmarks in the published assessment
O.e.1,no,O.* item scored for fewer than 5 benchmarks in the published assessment
O.e.2,no,O.* item scored for fewer than 5 benchmarks in the published assessment
O.e.3,no,O.* item scored for fewer than 5 benchmarks in the published assessment
O.f.1,no,O.* item scored for fewer than 5 benchmarks in the published assessment
O.f.2,no,O.* item scored for fewer than 5 benchmarks in the published assessment
O.g.1,no,O.* item scored for fewer than 5 benchmarks in the published assessment
O.g.2,no,O.* item scored for fewer than 5 benchmarks in the published assessment
O.g.3,no,O.* item scored for fewer than 5 benchmarks in the published assessment
O.h.1,no,O.* item scored for fewer than 5 benchmarks in the published assessment
O.h.2,no,O.* item scored for fewer than 5 benchmarks in the published assessment
O.i.1,no,O.* item scored for fewer than 5 benchmarks in the published assessment
R.1,yes,T.* and R.* items
R.2,yes,T.* and R.* items
R.3,yes,T.* and R.* items
R.4,yes,T.* and R.* items
R.5,yes,T.* and R.* items
R.6,yes,T.* and R.* items
R.7,yes,T.* and R.* items
R.8,yes,T.* and R.* items
R.9,yes,T.* and R.* items
R.10,yes,T.* and R.* items
R.11,yes,T.* and R.* items
R.12,yes,T.* and R.* items
R.13,yes,T.* and R.* items
