variant,benchmark,item,vtype,slot,s4_comment
v01,arxiv:2604.26577,C1,decoy,24,yes
v01,arxiv:2604.26577,C2,decoy,19,yes
v01,arxiv:2604.26577,C3,deletion,22,no
v01,arxiv:2604.26577,C4,paraphrase,13,no
v01,arxiv:2604.26577,C5,decoy,6,yes
v01,arxiv:2604.26577,C6,decoy,12,no
v01,arxiv:2604.26577,C7,inject,3,no
v01,arxiv:2604.26577,C8,paraphrase,9,no
v01,arxiv:2604.26577,C9,paraphrase,7,no
v01,arxiv:2604.26577,C10,buried,18,no
v01,arxiv:2604.26577,C11,inject,20,no
v01,arxiv:2604.26577,C12,paraphrase,14,no
v01,arxiv:2604.26577,C13,paraphrase,16,no
v01,arxiv:2604.26577,C14,paraphrase,1,no
v01,arxiv:2604.26577,A1,inject,15,no
v01,arxiv:2604.26577,A2,inject,21,no
v01,arxiv:2604.26577,A3,deletion,11,no
v01,arxiv:2604.26577,A4,buried,17,no
v01,arxiv:2604.26577,A5,buried,4,no
v01,arxiv:2604.26577,A6,decoy,0,yes
v01,arxiv:2604.26577,A7,decoy,10,no
v01,arxiv:2604.26577,A8,deletion,5,no
v01,arxiv:2604.26577,A9,inject,23,no
v01,arxiv:2604.26577,A10,paraphrase,2,no
v01,arxiv:2604.26577,A11,buried,8,no
v02,arxiv:2601.22964,C1,inject,4,no
v02,arxiv:2601.22964,C2,inject,5,no
v02,arxiv:2601.22964,C3,paraphrase,24,no
v02,arxiv:2601.22964,C4,paraphrase,19,no
v02,arxiv:2601.22964,C5,decoy,14,no
v02,arxiv:2601.22964,C6,deletion,7,no
v02,arxiv:2601.22964,C7,buried,15,no
v02,arxiv:2601.22964,C8,deletion,20,no
v02,arxiv:2601.22964,C9,inject,9,no
v02,arxiv:2601.22964,C10,inject,12,no
v02,arxiv:2601.22964,C11,decoy,11,yes
v02,arxiv:2601.22964,C12,paraphrase,2,no
v02,arxiv:2601.22964,C13,buried,22,no
v02,arxiv:2601.22964,C14,inject,16,no
v02,arxiv:2601.22964,A1,deletion,17,no
v02,arxiv:2601.22964,A2,decoy,23,no
v02,arxiv:2601.22964,A3,inject,8,no
v02,arxiv:2601.22964,A4,deletion,0,no
v02,arxiv:2601.22964,A5,decoy,18,no
v02,arxiv:2601.22964,A6,decoy,21,no
v02,arxiv:2601.22964,A7,deletion,10,no
v02,arxiv:2601.22964,A8,deletion,13,no
v02,arxiv:2601.22964,A9,deletion,3,no
v02,arxiv:2601.22964,A10,buried,6,no
v02,arxiv:2601.22964,A11,buried,1,no
v03,arxiv:2604.14656,C1,buried,6,no
v03,arxiv:2604.14656,C2,deletion,1,no
v03,arxiv:2604.14656,C3,deletion,16,no
v03,arxiv:2604.14656,C4,deletion,23,no
v03,arxiv:2604.14656,C5,decoy,4,no
v03,arxiv:2604.14656,C6,buried,14,no
v03,arxiv:2604.14656,C7,inject,5,no
v03,arxiv:2604.14656,C8,decoy,20,yes
v03,arxiv:2604.14656,C9,paraphrase,12,no
v03,arxiv:2604.14656,C10,deletion,22,no
v03,arxiv:2604.14656,C11,buried,2,no
v03,arxiv:2604.14656,C12,inject,9,no
v03,arxiv:2604.14656,C13,deletion,11,no
v03,arxiv:2604.14656,C14,decoy,21,no
v03,arxiv:2604.14656,A1,paraphrase,15,no
v03,arxiv:2604.14656,A2,decoy,19,no
v03,arxiv:2604.14656,A3,decoy,13,yes
v03,arxiv:2604.14656,A4,paraphrase,3,no
v03,arxiv:2604.14656,A5,decoy,8,yes
v03,arxiv:2604.14656,A6,buried,18,no
v03,arxiv:2604.14656,A7,inject,10,no
v03,arxiv:2604.14656,A8,buried,0,no
v03,arxiv:2604.14656,A9,decoy,17,yes
v03,arxiv:2604.14656,A10,decoy,7,no
v03,arxiv:2604.14656,A11,paraphrase,24,no
v04,arxiv:2510.24654,C1,decoy,0,yes
v04,arxiv:2510.24654,C2,decoy,3,no
v04,arxiv:2510.24654,C3,decoy,21,yes
v04,arxiv:2510.24654,C4,decoy,13,no
v04,arxiv:2510.24654,C5,paraphrase,4,no
v04,arxiv:2510.24654,C6,deletion,12,no
v04,arxiv:2510.24654,C7,decoy,10,no
v04,arxiv:2510.24654,C8,buried,23,no
v04,arxiv:2510.24654,C9,buried,20,no
v04,arxiv:2510.24654,C10,deletion,9,no
v04,arxiv:2510.24654,C11,decoy,7,yes
v04,arxiv:2510.24654,C12,buried,17,no
v04,arxiv:2510.24654,C13,inject,11,no
v04,arxiv:2510.24654,C14,buried,8,no
v04,arxiv:2510.24654,A1,inject,19,no
v04,arxiv:2510.24654,A2,buried,15,no
v04,arxiv:2510.24654,A3,inject,22,no
v04,arxiv:2510.24654,A4,deletion,5,no
v04,arxiv:2510.24654,A5,paraphrase,2,no
v04,arxiv:2510.24654,A6,inject,18,no
v04,arxiv:2510.24654,A7,decoy,24,no
v04,arxiv:2510.24654,A8,paraphrase,16,no
v04,arxiv:2510.24654,A9,paraphrase,1,no
v04,arxiv:2510.24654,A10,paraphrase,6,no
v04,arxiv:2510.24654,A11,inject,14,no
v05,arxiv:2510.10278,C1,deletion,16,no
v05,arxiv:2510.10278,C2,inject,18,no
v05,arxiv:2510.10278,C3,inject,4,no
v05,arxiv:2510.10278,C4,decoy,17,yes
v05,arxiv:2510.10278,C5,decoy,12,yes
v05,arxiv:2510.10278,C6,inject,20,no
v05,arxiv:2510.10278,C7,deletion,22,no
v05,arxiv:2510.10278,C8,inject,24,no
v05,arxiv:2510.10278,C9,inject,10,no
v05,arxiv:2510.10278,C10,buried,0,no
v05,arxiv:2510.10278,C11,decoy,21,yes
v05,arxiv:2510.10278,C12,decoy,19,yes
v05,arxiv:2510.10278,C13,inject,13,no
v05,arxiv:2510.10278,C14,inject,5,no
v05,arxiv:2510.10278,A1,decoy,3,no
v05,arxiv:2510.10278,A2,inject,8,no
v05,arxiv:2510.10278,A3,paraphrase,23,no
v05,arxiv:2510.10278,A4,deletion,1,no
v05,arxiv:2510.10278,A5,paraphrase,2,no
v05,arxiv:2510.10278,A6,buried,15,no
v05,arxiv:2510.10278,A7,inject,11,no
v05,arxiv:2510.10278,A8,buried,9,no
v05,arxiv:2510.10278,A9,paraphrase,14,no
v05,arxiv:2510.10278,A10,decoy,7,no
v05,arxiv:2510.10278,A11,decoy,6,yes
v06,arxiv:2412.09529,C1,deletion,3,no
v06,arxiv:2412.09529,C2,decoy,1,yes
v06,arxiv:2412.09529,C3,paraphrase,9,no
v06,arxiv:2412.09529,C4,deletion,12,no
v06,arxiv:2412.09529,C5,paraphrase,13,no
v06,arxiv:2412.09529,C6,buried,19,no
v06,arxiv:2412.09529,C7,buried,20,no
v06,arxiv:2412.09529,C8,decoy,18,no
v06,arxiv:2412.09529,C9,deletion,10,no
v06,arxiv:2412.09529,C10,inject,11,no
v06,arxiv:2412.09529,C11,inject,6,no
v06,arxiv:2412.09529,C12,inject,23,no
v06,arxiv:2412.09529,C13,paraphrase,5,no
v06,arxiv:2412.09529,C14,inject,22,no
v06,arxiv:2412.09529,A1,buried,0,no
v06,arxiv:2412.09529,A2,paraphrase,7,no
v06,arxiv:2412.09529,A3,decoy,16,no
v06,arxiv:2412.09529,A4,deletion,8,no
v06,arxiv:2412.09529,A5,deletion,2,no
v06,arxiv:2412.09529,A6,deletion,24,no
v06,arxiv:2412.09529,A7,paraphrase,21,no
v06,arxiv:2412.09529,A8,inject,14,no
v06,arxiv:2412.09529,A9,paraphrase,17,no
v06,arxiv:2412.09529,A10,deletion,15,no
v06,arxiv:2412.09529,A11,deletion,4,no
v07,arxiv:2608.30188,C1,deletion,3,no
v07,arxiv:2608.30188,C2,buried,0,no
v07,arxiv:2608.30188,C3,inject,14,no
v07,arxiv:2608.30188,C4,inject,12,no
v07,arxiv:2608.30188,C5,buried,11,no
v07,arxiv:2608.30188,C6,paraphrase,13,no
v07,arxiv:2608.30188,C7,deletion,6,no
v07,arxiv:2608.30188,C8,paraphrase,18,no
v07,arxiv:2608.30188,C9,deletion,17,no
v07,arxiv:2608.30188,C10,deletion,16,no
v07,arxiv:2608.30188,C11,paraphrase,1,no
v07,arxiv:2608.30188,C12,deletion,5,no
v07,arxiv:2608.30188,C13,paraphrase,7,no
v07,arxiv:2608.30188,C14,decoy,4,no
v07,arxiv:2608.30188,A1,inject,15,no
v07,arxiv:2608.30188,A2,decoy,8,yes
v07,arxiv:2608.30188,A3,paraphrase,23,no
v07,arxiv:2608.30188,A4,decoy,21,no
v07,arxiv:2608.30188,A5,deletion,2,no
v07,arxiv:2608.30188,A6,inject,20,no
v07,arxiv:2608.30188,A7,paraphrase,22,no
v07,arxiv:2608.30188,A8,inject,9,no
v07,arxiv:2608.30188,A9,paraphrase,10,no
v07,arxiv:2608.30188,A10,deletion,24,no
v07,arxiv:2608.30188,A11,decoy,19,no
v08,arxiv:2601.19773,C1,inject,12,no
v08,arxiv:2601.19773,C2,deletion,16,no
v08,arxiv:2601.19773,C3,buried,21,no
v08,arxiv:2601.19773,C4,inject,9,no
v08,arxiv:2601.19773,C5,paraphrase,18,no
v08,arxiv:2601.19773,C6,paraphrase,22,no
v08,arxiv:2601.19773,C7,deletion,24,no
v08,arxiv:2601.19773,C8,paraphrase,5,no
v08,arxiv:2601.19773,C9,decoy,7,yes
v08,arxiv:2601.19773,C10,buried,20,no
v08,arxiv:2601.19773,C11,decoy,10,no
v08,arxiv:2601.19773,C12,decoy,23,yes
v08,arxiv:2601.19773,C13,buried,8,no
v08,arxiv:2601.19773,C14,inject,3,no
v08,arxiv:2601.19773,A1,decoy,1,no
v08,arxiv:2601.19773,A2,paraphrase,13,no
v08,arxiv:2601.19773,A3,deletion,19,no
v08,arxiv:2601.19773,A4,paraphrase,4,no
v08,arxiv:2601.19773,A5,inject,2,no
v08,arxiv:2601.19773,A6,paraphrase,15,no
v08,arxiv:2601.19773,A7,decoy,17,yes
v08,arxiv:2601.19773,A8,decoy,11,yes
v08,arxiv:2601.19773,A9,deletion,14,no
v08,arxiv:2601.19773,A10,inject,6,no
v08,arxiv:2601.19773,A11,paraphrase,0,no
v09,arxiv:2605.02943,C1,deletion,9,no
v09,arxiv:2605.02943,C2,paraphrase,7,no
v09,arxiv:2605.02943,C3,buried,21,no
v09,arxiv:2605.02943,C4,decoy,14,no
v09,arxiv:2605.02943,C5,inject,18,no
v09,arxiv:2605.02943,C6,buried,3,no
v09,arxiv:2605.02943,C7,paraphrase,16,no
v09,arxiv:2605.02943,C8,decoy,0,yes
v09,arxiv:2605.02943,C9,paraphrase,8,no
v09,arxiv:2605.02943,C10,inject,24,no
v09,arxiv:2605.02943,C11,deletion,19,no
v09,arxiv:2605.02943,C12,paraphrase,4,no
v09,arxiv:2605.02943,C13,decoy,11,no
v09,arxiv:2605.02943,C14,decoy,20,yes
v09,arxiv:2605.02943,A1,paraphrase,5,no
v09,arxiv:2605.02943,A2,deletion,2,no
v09,arxiv:2605.02943,A3,inject,12,no
v09,arxiv:2605.02943,A4,decoy,17,yes
v09,arxiv:2605.02943,A5,inject,6,no
v09,arxiv:2605.02943,A6,deletion,1,no
v09,arxiv:2605.02943,A7,buried,10,no
v09,arxiv:2605.02943,A8,inject,15,no
v09,arxiv:2605.02943,A9,buried,13,no
v09,arxiv:2605.02943,A10,deletion,23,no
v09,arxiv:2605.02943,A11,inject,22,no
v10,pubmed:41758153,C1,buried,0,no
v10,pubmed:41758153,C2,inject,14,no
v10,pubmed:41758153,C3,inject,12,no
v10,pubmed:41758153,C4,inject,16,no
v10,pubmed:41758153,C5,paraphrase,7,no
v10,pubmed:41758153,C6,paraphrase,8,no
v10,pubmed:41758153,C7,decoy,15,no
v10,pubmed:41758153,C8,deletion,22,no
v10,pubmed:41758153,C9,decoy,20,no
v10,pubmed:41758153,C10,buried,9,no
v10,pubmed:41758153,C11,inject,1,no
v10,pubmed:41758153,C12,decoy,10,no
v10,pubmed:41758153,C13,buried,21,no
v10,pubmed:41758153,C14,buried,6,no
v10,pubmed:41758153,A1,paraphrase,19,no
v10,pubmed:41758153,A2,decoy,5,yes
v10,pubmed:41758153,A3,buried,11,no
v10,pubmed:41758153,A4,buried,24,no
v10,pubmed:41758153,A5,deletion,4,no
v10,pubmed:41758153,A6,paraphrase,13,no
v10,pubmed:41758153,A7,paraphrase,2,no
v10,pubmed:41758153,A8,buried,17,no
v10,pubmed:41758153,A9,deletion,3,no
v10,pubmed:41758153,A10,decoy,18,no
v10,pubmed:41758153,A11,paraphrase,23,no
v11,arxiv:2609.30027,C1,inject,24,no
v11,arxiv:2609.30027,C2,buried,22,no
v11,arxiv:2609.30027,C3,decoy,20,no
v11,arxiv:2609.30027,C4,buried,1,no
v11,arxiv:2609.30027,C5,deletion,9,no
v11,arxiv:2609.30027,C6,decoy,10,no
v11,arxiv:2609.30027,C7,buried,15,no
v11,arxiv:2609.30027,C8,paraphrase,12,no
v11,arxiv:2609.30027,C9,buried,8,no
v11,arxiv:2609.30027,C10,deletion,16,no
v11,arxiv:2609.30027,C11,buried,4,no
v11,arxiv:2609.30027,C12,buried,2,no
v11,arxiv:2609.30027,C13,paraphrase,21,no
v11,arxiv:2609.30027,C14,buried,17,no
v11,arxiv:2609.30027,A1,buried,19,no
v11,arxiv:2609.30027,A2,buried,5,no
v11,arxiv:2609.30027,A3,buried,13,no
v11,arxiv:2609.30027,A4,paraphrase,23,no
v11,arxiv:2609.30027,A5,paraphrase,7,no
v11,arxiv:2609.30027,A6,buried,6,no
v11,arxiv:2609.30027,A7,deletion,18,no
v11,arxiv:2609.30027,A8,paraphrase,11,no
v11,arxiv:2609.30027,A9,decoy,0,yes
v11,arxiv:2609.30027,A10,buried,14,no
v11,arxiv:2609.30027,A11,decoy,3,yes
v12,arxiv:2503.22678,C1,decoy,20,no
v12,arxiv:2503.22678,C2,deletion,10,no
v12,arxiv:2503.22678,C3,buried,6,no
v12,arxiv:2503.22678,C4,deletion,18,no
v12,arxiv:2503.22678,C5,buried,7,no
v12,arxiv:2503.22678,C6,inject,0,no
v12,arxiv:2503.22678,C7,decoy,9,no
v12,arxiv:2503.22678,C8,inject,19,no
v12,arxiv:2503.22678,C9,paraphrase,15,no
v12,arxiv:2503.22678,C10,decoy,8,no
v12,arxiv:2503.22678,C11,paraphrase,14,no
v12,arxiv:2503.22678,C12,decoy,11,yes
v12,arxiv:2503.22678,C13,deletion,23,no
v12,arxiv:2503.22678,C14,paraphrase,3,no
v12,arxiv:2503.22678,A1,paraphrase,13,no
v12,arxiv:2503.22678,A2,deletion,12,no
v12,arxiv:2503.22678,A3,buried,21,no
v12,arxiv:2503.22678,A4,buried,24,no
v12,arxiv:2503.22678,A5,decoy,2,yes
v12,arxiv:2503.22678,A6,paraphrase,17,no
v12,arxiv:2503.22678,A7,buried,22,no
v12,arxiv:2503.22678,A8,deletion,5,no
v12,arxiv:2503.22678,A9,deletion,1,no
v12,arxiv:2503.22678,A10,decoy,4,yes
v12,arxiv:2503.22678,A11,inject,16,no
v13,arxiv:2605.21496,C1,inject,8,no
v13,arxiv:2605.21496,C2,buried,24,no
v13,arxiv:2605.21496,C3,paraphrase,12,no
v13,arxiv:2605.21496,C4,decoy,5,no
v13,arxiv:2605.21496,C5,inject,9,no
v13,arxiv:2605.21496,C6,paraphrase,18,no
v13,arxiv:2605.21496,C7,deletion,21,no
v13,arxiv:2605.21496,C8,decoy,22,no
v13,arxiv:2605.21496,C9,paraphrase,6,no
v13,arxiv:2605.21496,C10,inject,1,no
v13,arxiv:2605.21496,C11,inject,20,no
v13,arxiv:2605.21496,C12,buried,15,no
v13,arxiv:2605.21496,C13,paraphrase,16,no
v13,arxiv:2605.21496,C14,deletion,7,no
v13,arxiv:2605.21496,A1,deletion,0,no
v13,arxiv:2605.21496,A2,paraphrase,17,no
v13,arxiv:2605.21496,A3,paraphrase,19,no
v13,arxiv:2605.21496,A4,deletion,11,no
v13,arxiv:2605.21496,A5,buried,3,no
v13,arxiv:2605.21496,A6,decoy,23,no
v13,arxiv:2605.21496,A7,paraphrase,4,no
v13,arxiv:2605.21496,A8,decoy,10,no
v13,arxiv:2605.21496,A9,deletion,13,no
v13,arxiv:2605.21496,A10,paraphrase,2,no
v13,arxiv:2605.21496,A11,buried,14,no
v14,arxiv:2512.23440,C1,deletion,3,no
v14,arxiv:2512.23440,C2,paraphrase,20,no
v14,arxiv:2512.23440,C3,buried,13,no
v14,arxiv:2512.23440,C4,deletion,18,no
v14,arxiv:2512.23440,C5,deletion,1,no
v14,arxiv:2512.23440,C6,paraphrase,21,no
v14,arxiv:2512.23440,C7,deletion,11,no
v14,arxiv:2512.23440,C8,buried,12,no
v14,arxiv:2512.23440,C9,decoy,17,yes
v14,arxiv:2512.23440,C10,decoy,9,no
v14,arxiv:2512.23440,C11,decoy,2,no
v14,arxiv:2512.23440,C12,deletion,24,no
v14,arxiv:2512.23440,C13,deletion,6,no
v14,arxiv:2512.23440,C14,inject,16,no
v14,arxiv:2512.23440,A1,buried,8,no
v14,arxiv:2512.23440,A2,inject,7,no
v14,arxiv:2512.23440,A3,decoy,0,yes
v14,arxiv:2512.23440,A4,deletion,22,no
v14,arxiv:2512.23440,A5,inject,5,no
v14,arxiv:2512.23440,A6,buried,14,no
v14,arxiv:2512.23440,A7,inject,19,no
v14,arxiv:2512.23440,A8,inject,15,no
v14,arxiv:2512.23440,A9,buried,23,no
v14,arxiv:2512.23440,A10,decoy,10,yes
v14,arxiv:2512.23440,A11,deletion,4,no
v15,arxiv:2606.02568,C1,paraphrase,4,no
v15,arxiv:2606.02568,C2,decoy,0,no
v15,arxiv:2606.02568,C3,deletion,22,no
v15,arxiv:2606.02568,C4,deletion,12,no
v15,arxiv:2606.02568,C5,inject,11,no
v15,arxiv:2606.02568,C6,inject,13,no
v15,arxiv:2606.02568,C7,buried,16,no
v15,arxiv:2606.02568,C8,paraphrase,6,no
v15,arxiv:2606.02568,C9,buried,9,no
v15,arxiv:2606.02568,C10,paraphrase,24,no
v15,arxiv:2606.02568,C11,deletion,20,no
v15,arxiv:2606.02568,C12,inject,7,no
v15,arxiv:2606.02568,C13,decoy,3,yes
v15,arxiv:2606.02568,C14,paraphrase,19,no
v15,arxiv:2606.02568,A1,decoy,5,yes
v15,arxiv:2606.02568,A2,decoy,8,no
v15,arxiv:2606.02568,A3,paraphrase,18,no
v15,arxiv:2606.02568,A4,decoy,1,no
v15,arxiv:2606.02568,A5,decoy,21,no
v15,arxiv:2606.02568,A6,paraphrase,17,no
v15,arxiv:2606.02568,A7,inject,15,no
v15,arxiv:2606.02568,A8,deletion,23,no
v15,arxiv:2606.02568,A9,inject,2,no
v15,arxiv:2606.02568,A10,buried,14,no
v15,arxiv:2606.02568,A11,inject,10,no
v16,arxiv:2606.31179,C1,inject,12,no
v16,arxiv:2606.31179,C2,deletion,4,no
v16,arxiv:2606.31179,C3,deletion,13,no
v16,arxiv:2606.31179,C4,buried,8,no
v16,arxiv:2606.31179,C5,buried,19,no
v16,arxiv:2606.31179,C6,decoy,0,yes
v16,arxiv:2606.31179,C7,paraphrase,10,no
v16,arxiv:2606.31179,C8,paraphrase,9,no
v16,arxiv:2606.31179,C9,decoy,24,yes
v16,arxiv:2606.31179,C10,paraphrase,21,no
v16,arxiv:2606.31179,C11,deletion,7,no
v16,arxiv:2606.31179,C12,deletion,22,no
v16,arxiv:2606.31179,C13,buried,14,no
v16,arxiv:2606.31179,C14,buried,16,no
v16,arxiv:2606.31179,A1,buried,17,no
v16,arxiv:2606.31179,A2,deletion,11,no
v16,arxiv:2606.31179,A3,buried,6,no
v16,arxiv:2606.31179,A4,decoy,3,yes
v16,arxiv:2606.31179,A5,paraphrase,23,no
v16,arxiv:2606.31179,A6,inject,15,no
v16,arxiv:2606.31179,A7,buried,5,no
v16,arxiv:2606.31179,A8,deletion,2,no
v16,arxiv:2606.31179,A9,buried,20,no
v16,arxiv:2606.31179,A10,paraphrase,1,no
v16,arxiv:2606.31179,A11,deletion,18,no
v17,arxiv:2608.07796,C1,buried,9,no
v17,arxiv:2608.07796,C2,inject,21,no
v17,arxiv:2608.07796,C3,paraphrase,2,no
v17,arxiv:2608.07796,C4,buried,16,no
v17,arxiv:2608.07796,C5,deletion,1,no
v17,arxiv:2608.07796,C6,inject,3,no
v17,arxiv:2608.07796,C7,decoy,22,yes
v17,arxiv:2608.07796,C8,paraphrase,20,no
v17,arxiv:2608.07796,C9,inject,12,no
v17,arxiv:2608.07796,C10,buried,4,no
v17,arxiv:2608.07796,C11,buried,15,no
v17,arxiv:2608.07796,C12,deletion,0,no
v17,arxiv:2608.07796,C13,inject,17,no
v17,arxiv:2608.07796,C14,deletion,11,no
v17,arxiv:2608.07796,A1,inject,24,no
v17,arxiv:2608.07796,A2,deletion,13,no
v17,arxiv:2608.07796,A3,paraphrase,14,no
v17,arxiv:2608.07796,A4,inject,23,no
v17,arxiv:2608.07796,A5,inject,10,no
v17,arxiv:2608.07796,A6,deletion,19,no
v17,arxiv:2608.07796,A7,decoy,6,yes
v17,arxiv:2608.07796,A8,inject,8,no
v17,arxiv:2608.07796,A9,deletion,7,no
v17,arxiv:2608.07796,A10,inject,18,no
v17,arxiv:2608.07796,A11,paraphrase,5,no
v18,arxiv:2601.23049,C1,decoy,17,no
v18,arxiv:2601.23049,C2,deletion,8,no
v18,arxiv:2601.23049,C3,deletion,1,no
v18,arxiv:2601.23049,C4,inject,14,no
v18,arxiv:2601.23049,C5,decoy,13,no
v18,arxiv:2601.23049,C6,buried,2,no
v18,arxiv:2601.23049,C7,deletion,18,no
v18,arxiv:2601.23049,C8,buried,22,no
v18,arxiv:2601.23049,C9,buried,4,no
v18,arxiv:2601.23049,C10,buried,19,no
v18,arxiv:2601.23049,C11,buried,10,no
v18,arxiv:2601.23049,C12,deletion,11,no
v18,arxiv:2601.23049,C13,inject,3,no
v18,arxiv:2601.23049,C14,paraphrase,6,no
v18,arxiv:2601.23049,A1,decoy,20,yes
v18,arxiv:2601.23049,A2,buried,7,no
v18,arxiv:2601.23049,A3,decoy,21,yes
v18,arxiv:2601.23049,A4,decoy,5,no
v18,arxiv:2601.23049,A5,decoy,24,no
v18,arxiv:2601.23049,A6,inject,9,no
v18,arxiv:2601.23049,A7,buried,15,no
v18,arxiv:2601.23049,A8,inject,12,no
v18,arxiv:2601.23049,A9,decoy,23,yes
v18,arxiv:2601.23049,A10,buried,16,no
v18,arxiv:2601.23049,A11,deletion,0,no
v19,arxiv:2606.03203,C1,inject,22,no
v19,arxiv:2606.03203,C2,paraphrase,14,no
v19,arxiv:2606.03203,C3,decoy,12,no
v19,arxiv:2606.03203,C4,buried,18,no
v19,arxiv:2606.03203,C5,deletion,16,no
v19,arxiv:2606.03203,C6,buried,9,no
v19,arxiv:2606.03203,C7,paraphrase,3,no
v19,arxiv:2606.03203,C8,inject,11,no
v19,arxiv:2606.03203,C9,decoy,15,no
v19,arxiv:2606.03203,C10,decoy,6,no
v19,arxiv:2606.03203,C11,inject,10,no
v19,arxiv:2606.03203,C12,inject,20,no
v19,arxiv:2606.03203,C13,inject,7,no
v19,arxiv:2606.03203,C14,decoy,8,yes
v19,arxiv:2606.03203,A1,deletion,0,no
v19,arxiv:2606.03203,A2,paraphrase,19,no
v19,arxiv:2606.03203,A3,buried,2,no
v19,arxiv:2606.03203,A4,deletion,21,no
v19,arxiv:2606.03203,A5,inject,13,no
v19,arxiv:2606.03203,A6,deletion,23,no
v19,arxiv:2606.03203,A7,paraphrase,5,no
v19,arxiv:2606.03203,A8,deletion,24,no
v19,arxiv:2606.03203,A9,paraphrase,4,no
v19,arxiv:2606.03203,A10,paraphrase,1,no
v19,arxiv:2606.03203,A11,decoy,17,yes
v20,pubmed:41727598,C1,deletion,14,no
v20,pubmed:41727598,C2,inject,23,no
v20,pubmed:41727598,C3,decoy,1,no
v20,pubmed:41727598,C4,paraphrase,17,no
v20,pubmed:41727598,C5,decoy,8,yes
v20,pubmed:41727598,C6,deletion,3,no
v20,pubmed:41727598,C7,paraphrase,13,no
v20,pubmed:41727598,C8,inject,11,no
v20,pubmed:41727598,C9,deletion,21,no
v20,pubmed:41727598,C10,decoy,7,yes
v20,pubmed:41727598,C11,inject,18,no
v20,pubmed:41727598,C12,paraphrase,20,no
v20,pubmed:41727598,C13,decoy,9,no
v20,pubmed:41727598,C14,decoy,16,no
v20,pubmed:41727598,A1,inject,10,no
v20,pubmed:41727598,A2,deletion,4,no
v20,pubmed:41727598,A3,deletion,22,no
v20,pubmed:41727598,A4,decoy,15,yes
v20,pubmed:41727598,A5,buried,2,no
v20,pubmed:41727598,A6,inject,6,no
v20,pubmed:41727598,A7,paraphrase,24,no
v20,pubmed:41727598,A8,paraphrase,12,no
v20,pubmed:41727598,A9,paraphrase,5,no
v20,pubmed:41727598,A10,buried,19,no
v20,pubmed:41727598,A11,paraphrase,0,no
v21,arxiv:2501.14654,C1,paraphrase,14,no
v21,arxiv:2501.14654,C2,decoy,20,yes
v21,arxiv:2501.14654,C3,inject,21,no
v21,arxiv:2501.14654,C4,buried,1,no
v21,arxiv:2501.14654,C5,paraphrase,19,no
v21,arxiv:2501.14654,C6,inject,13,no
v21,arxiv:2501.14654,C7,buried,17,no
v21,arxiv:2501.14654,C8,deletion,18,no
v21,arxiv:2501.14654,C9,buried,5,no
v21,arxiv:2501.14654,C10,buried,9,no
v21,arxiv:2501.14654,C11,paraphrase,4,no
v21,arxiv:2501.14654,C12,paraphrase,24,no
v21,arxiv:2501.14654,C13,deletion,15,no
v21,arxiv:2501.14654,C14,decoy,12,yes
v21,arxiv:2501.14654,A1,inject,10,no
v21,arxiv:2501.14654,A2,paraphrase,8,no
v21,arxiv:2501.14654,A3,deletion,2,no
v21,arxiv:2501.14654,A4,buried,3,no
v21,arxiv:2501.14654,A5,buried,6,no
v21,arxiv:2501.14654,A6,decoy,16,no
v21,arxiv:2501.14654,A7,paraphrase,7,no
v21,arxiv:2501.14654,A8,buried,11,no
v21,arxiv:2501.14654,A9,decoy,22,no
v21,arxiv:2501.14654,A10,decoy,23,yes
v21,arxiv:2501.14654,A11,paraphrase,0,no
v22,arxiv:2605.09679,C1,decoy,11,no
v22,arxiv:2605.09679,C2,buried,4,no
v22,arxiv:2605.09679,C3,decoy,1,no
v22,arxiv:2605.09679,C4,buried,23,no
v22,arxiv:2605.09679,C5,buried,21,no
v22,arxiv:2605.09679,C6,decoy,19,yes
v22,arxiv:2605.09679,C7,deletion,14,no
v22,arxiv:2605.09679,C8,decoy,3,yes
v22,arxiv:2605.09679,C9,deletion,17,no
v22,arxiv:2605.09679,C10,paraphrase,0,no
v22,arxiv:2605.09679,C11,paraphrase,10,no
v22,arxiv:2605.09679,C12,decoy,15,no
v22,arxiv:2605.09679,C13,decoy,7,no
v22,arxiv:2605.09679,C14,buried,8,no
v22,arxiv:2605.09679,A1,buried,18,no
v22,arxiv:2605.09679,A2,decoy,5,yes
v22,arxiv:2605.09679,A3,deletion,9,no
v22,arxiv:2605.09679,A4,paraphrase,2,no
v22,arxiv:2605.09679,A5,paraphrase,12,no
v22,arxiv:2605.09679,A6,inject,24,no
v22,arxiv:2605.09679,A7,deletion,22,no
v22,arxiv:2605.09679,A8,paraphrase,6,no
v22,arxiv:2605.09679,A9,paraphrase,20,no
v22,arxiv:2605.09679,A10,inject,13,no
v22,arxiv:2605.09679,A11,deletion,16,no
v23,arxiv:2607.25485,C1,paraphrase,18,no
v23,arxiv:2607.25485,C2,decoy,14,no
v23,arxiv:2607.25485,C3,inject,21,no
v23,arxiv:2607.25485,C4,deletion,6,no
v23,arxiv:2607.25485,C5,deletion,16,no
v23,arxiv:2607.25485,C6,decoy,5,no
v23,arxiv:2607.25485,C7,paraphrase,9,no
v23,arxiv:2607.25485,C8,deletion,1,no
v23,arxiv:2607.25485,C9,deletion,10,no
v23,arxiv:2607.25485,C10,inject,20,no
v23,arxiv:2607.25485,C11,inject,7,no
v23,arxiv:2607.25485,C12,paraphrase,12,no
v23,arxiv:2607.25485,C13,deletion,2,no
v23,arxiv:2607.25485,C14,deletion,23,no
v23,arxiv:2607.25485,A1,deletion,15,no
v23,arxiv:2607.25485,A2,paraphrase,19,no
v23,arxiv:2607.25485,A3,buried,11,no
v23,arxiv:2607.25485,A4,inject,24,no
v23,arxiv:2607.25485,A5,buried,3,no
v23,arxiv:2607.25485,A6,deletion,17,no
v23,arxiv:2607.25485,A7,deletion,4,no
v23,arxiv:2607.25485,A8,inject,0,no
v23,arxiv:2607.25485,A9,deletion,8,no
v23,arxiv:2607.25485,A10,deletion,13,no
v23,arxiv:2607.25485,A11,buried,22,no
v24,arxiv:2410.17657,C1,paraphrase,4,no
v24,arxiv:2410.17657,C2,paraphrase,22,no
v24,arxiv:2410.17657,C3,paraphrase,5,no
v24,arxiv:2410.17657,C4,buried,17,no
v24,arxiv:2410.17657,C5,inject,14,no
v24,arxiv:2410.17657,C6,deletion,7,no
v24,arxiv:2410.17657,C7,inject,11,no
v24,arxiv:2410.17657,C8,buried,21,no
v24,arxiv:2410.17657,C9,decoy,1,yes
v24,arxiv:2410.17657,C10,deletion,13,no
v24,arxiv:2410.17657,C11,decoy,20,no
v24,arxiv:2410.17657,C12,buried,6,no
v24,arxiv:2410.17657,C13,inject,15,no
v24,arxiv:2410.17657,C14,decoy,24,no
v24,arxiv:2410.17657,A1,buried,10,no
v24,arxiv:2410.17657,A2,buried,12,no
v24,arxiv:2410.17657,A3,inject,8,no
v24,arxiv:2410.17657,A4,buried,16,no
v24,arxiv:2410.17657,A5,deletion,9,no
v24,arxiv:2410.17657,A6,buried,23,no
v24,arxiv:2410.17657,A7,paraphrase,2,no
v24,arxiv:2410.17657,A8,deletion,0,no
v24,arxiv:2410.17657,A9,inject,19,no
v24,arxiv:2410.17657,A10,deletion,18,no
v24,arxiv:2410.17657,A11,inject,3,no
v25,arxiv:2602.05407,C1,buried,3,no
v25,arxiv:2602.05407,C2,paraphrase,21,no
v25,arxiv:2602.05407,C3,inject,15,no
v25,arxiv:2602.05407,C4,deletion,13,no
v25,arxiv:2602.05407,C5,inject,2,no
v25,arxiv:2602.05407,C6,paraphrase,12,no
v25,arxiv:2602.05407,C7,decoy,14,yes
v25,arxiv:2602.05407,C8,inject,9,no
v25,arxiv:2602.05407,C9,paraphrase,16,no
v25,arxiv:2602.05407,C10,paraphrase,19,no
v25,arxiv:2602.05407,C11,paraphrase,24,no
v25,arxiv:2602.05407,C12,buried,18,no
v25,arxiv:2602.05407,C13,buried,6,no
v25,arxiv:2602.05407,C14,paraphrase,5,no
v25,arxiv:2602.05407,A1,deletion,20,no
v25,arxiv:2602.05407,A2,inject,11,no
v25,arxiv:2602.05407,A3,inject,0,no
v25,arxiv:2602.05407,A4,inject,4,no
v25,arxiv:2602.05407,A5,paraphrase,10,no
v25,arxiv:2602.05407,A6,buried,22,no
v25,arxiv:2602.05407,A7,inject,1,no
v25,arxiv:2602.05407,A8,paraphrase,23,no
v25,arxiv:2602.05407,A9,inject,17,no
v25,arxiv:2602.05407,A10,inject,8,no
v25,arxiv:2602.05407,A11,decoy,7,no
v26,arxiv:2605.11224,C1,decoy,17,no
v26,arxiv:2605.11224,C2,decoy,16,no
v26,arxiv:2605.11224,C3,decoy,15,yes
v26,arxiv:2605.11224,C4,deletion,8,no
v26,arxiv:2605.11224,C5,decoy,23,no
v26,arxiv:2605.11224,C6,paraphrase,2,no
v26,arxiv:2605.11224,C7,inject,6,no
v26,arxiv:2605.11224,C8,decoy,21,yes
v26,arxiv:2605.11224,C9,buried,22,no
v26,arxiv:2605.11224,C10,deletion,4,no
v26,arxiv:2605.11224,C11,deletion,24,no
v26,arxiv:2605.11224,C12,buried,9,no
v26,arxiv:2605.11224,C13,paraphrase,20,no
v26,arxiv:2605.11224,C14,deletion,19,no
v26,arxiv:2605.11224,A1,deletion,11,no
v26,arxiv:2605.11224,A2,buried,0,no
v26,arxiv:2605.11224,A3,decoy,13,no
v26,arxiv:2605.11224,A4,paraphrase,5,no
v26,arxiv:2605.11224,A5,decoy,3,no
v26,arxiv:2605.11224,A6,inject,14,no
v26,arxiv:2605.11224,A7,decoy,10,yes
v26,arxiv:2605.11224,A8,deletion,18,no
v26,arxiv:2605.11224,A9,deletion,1,no
v26,arxiv:2605.11224,A10,paraphrase,12,no
v26,arxiv:2605.11224,A11,paraphrase,7,no
v27,arxiv:2606.18613,C1,paraphrase,8,no
v27,arxiv:2606.18613,C2,paraphrase,4,no
v27,arxiv:2606.18613,C3,buried,9,no
v27,arxiv:2606.18613,C4,inject,5,no
v27,arxiv:2606.18613,C5,inject,17,no
v27,arxiv:2606.18613,C6,decoy,22,no
v27,arxiv:2606.18613,C7,paraphrase,16,no
v27,arxiv:2606.18613,C8,buried,3,no
v27,arxiv:2606.18613,C9,paraphrase,14,no
v27,arxiv:2606.18613,C10,paraphrase,24,no
v27,arxiv:2606.18613,C11,deletion,21,no
v27,arxiv:2606.18613,C12,deletion,6,no
v27,arxiv:2606.18613,C13,buried,11,no
v27,arxiv:2606.18613,C14,buried,12,no
v27,arxiv:2606.18613,A1,buried,7,no
v27,arxiv:2606.18613,A2,paraphrase,19,no
v27,arxiv:2606.18613,A3,decoy,18,yes
v27,arxiv:2606.18613,A4,inject,2,no
v27,arxiv:2606.18613,A5,paraphrase,10,no
v27,arxiv:2606.18613,A6,paraphrase,13,no
v27,arxiv:2606.18613,A7,deletion,23,no
v27,arxiv:2606.18613,A8,decoy,0,yes
v27,arxiv:2606.18613,A9,inject,15,no
v27,arxiv:2606.18613,A10,inject,1,no
v27,arxiv:2606.18613,A11,decoy,20,yes
v28,arxiv:2601.08988,C1,buried,12,no
v28,arxiv:2601.08988,C2,decoy,20,yes
v28,arxiv:2601.08988,C3,deletion,21,no
v28,arxiv:2601.08988,C4,paraphrase,19,no
v28,arxiv:2601.08988,C5,buried,6,no
v28,arxiv:2601.08988,C6,deletion,16,no
v28,arxiv:2601.08988,C7,buried,1,no
v28,arxiv:2601.08988,C8,decoy,2,no
v28,arxiv:2601.08988,C9,buried,8,no
v28,arxiv:2601.08988,C10,decoy,7,yes
v28,arxiv:2601.08988,C11,deletion,5,no
v28,arxiv:2601.08988,C12,inject,24,no
v28,arxiv:2601.08988,C13,buried,22,no
v28,arxiv:2601.08988,C14,inject,13,no
v28,arxiv:2601.08988,A1,inject,23,no
v28,arxiv:2601.08988,A2,buried,4,no
v28,arxiv:2601.08988,A3,buried,18,no
v28,arxiv:2601.08988,A4,inject,11,no
v28,arxiv:2601.08988,A5,decoy,17,yes
v28,arxiv:2601.08988,A6,paraphrase,9,no
v28,arxiv:2601.08988,A7,deletion,14,no
v28,arxiv:2601.08988,A8,decoy,3,no
v28,arxiv:2601.08988,A9,decoy,0,no
v28,arxiv:2601.08988,A10,inject,15,no
v28,arxiv:2601.08988,A11,buried,10,no
v29,arxiv:2605.02240,C1,buried,10,no
v29,arxiv:2605.02240,C2,buried,18,no
v29,arxiv:2605.02240,C3,paraphrase,15,no
v29,arxiv:2605.02240,C4,inject,14,no
v29,arxiv:2605.02240,C5,buried,17,no
v29,arxiv:2605.02240,C6,decoy,23,yes
v29,arxiv:2605.02240,C7,buried,9,no
v29,arxiv:2605.02240,C8,paraphrase,5,no
v29,arxiv:2605.02240,C9,decoy,24,no
v29,arxiv:2605.02240,C10,buried,12,no
v29,arxiv:2605.02240,C11,buried,21,no
v29,arxiv:2605.02240,C12,inject,4,no
v29,arxiv:2605.02240,C13,inject,22,no
v29,arxiv:2605.02240,C14,paraphrase,6,no
v29,arxiv:2605.02240,A1,inject,13,no
v29,arxiv:2605.02240,A2,deletion,19,no
v29,arxiv:2605.02240,A3,paraphrase,11,no
v29,arxiv:2605.02240,A4,buried,7,no
v29,arxiv:2605.02240,A5,inject,16,no
v29,arxiv:2605.02240,A6,deletion,20,no
v29,arxiv:2605.02240,A7,buried,3,no
v29,arxiv:2605.02240,A8,decoy,8,no
v29,arxiv:2605.02240,A9,buried,2,no
v29,arxiv:2605.02240,A10,decoy,1,no
v29,arxiv:2605.02240,A11,buried,0,no
v30,arxiv:2606.05112,C1,buried,16,no
v30,arxiv:2606.05112,C2,buried,0,no
v30,arxiv:2606.05112,C3,inject,9,no
v30,arxiv:2606.05112,C4,inject,17,no
v30,arxiv:2606.05112,C5,inject,6,no
v30,arxiv:2606.05112,C6,buried,4,no
v30,arxiv:2606.05112,C7,inject,3,no
v30,arxiv:2606.05112,C8,inject,19,no
v30,arxiv:2606.05112,C9,buried,1,no
v30,arxiv:2606.05112,C10,paraphrase,24,no
v30,arxiv:2606.05112,C11,paraphrase,8,no
v30,arxiv:2606.05112,C12,decoy,21,no
v30,arxiv:2606.05112,C13,paraphrase,11,no
v30,arxiv:2606.05112,C14,paraphrase,2,no
v30,arxiv:2606.05112,A1,paraphrase,13,no
v30,arxiv:2606.05112,A2,deletion,18,no
v30,arxiv:2606.05112,A3,inject,14,no
v30,arxiv:2606.05112,A4,decoy,15,no
v30,arxiv:2606.05112,A5,inject,7,no
v30,arxiv:2606.05112,A6,decoy,22,yes
v30,arxiv:2606.05112,A7,buried,10,no
v30,arxiv:2606.05112,A8,paraphrase,12,no
v30,arxiv:2606.05112,A9,buried,20,no
v30,arxiv:2606.05112,A10,deletion,5,no
v30,arxiv:2606.05112,A11,deletion,23,no
v31,arxiv:2511.20490,C1,paraphrase,6,no
v31,arxiv:2511.20490,C2,buried,12,no
v31,arxiv:2511.20490,C3,deletion,19,no
v31,arxiv:2511.20490,C4,decoy,3,yes
v31,arxiv:2511.20490,C5,paraphrase,8,no
v31,arxiv:2511.20490,C6,decoy,16,yes
v31,arxiv:2511.20490,C7,buried,4,no
v31,arxiv:2511.20490,C8,buried,20,no
v31,arxiv:2511.20490,C9,deletion,21,no
v31,arxiv:2511.20490,C10,inject,24,no
v31,arxiv:2511.20490,C11,decoy,15,no
v31,arxiv:2511.20490,C12,decoy,1,no
v31,arxiv:2511.20490,C13,inject,17,no
v31,arxiv:2511.20490,C14,inject,10,no
v31,arxiv:2511.20490,A1,decoy,18,yes
v31,arxiv:2511.20490,A2,inject,22,no
v31,arxiv:2511.20490,A3,deletion,9,no
v31,arxiv:2511.20490,A4,inject,2,no
v31,arxiv:2511.20490,A5,deletion,23,no
v31,arxiv:2511.20490,A6,inject,7,no
v31,arxiv:2511.20490,A7,inject,13,no
v31,arxiv:2511.20490,A8,paraphrase,5,no
v31,arxiv:2511.20490,A9,inject,0,no
v31,arxiv:2511.20490,A10,buried,11,no
v31,arxiv:2511.20490,A11,inject,14,no
v32,arxiv:2609.39371,C1,decoy,1,yes
v32,arxiv:2609.39371,C2,inject,3,no
v32,arxiv:2609.39371,C3,buried,7,no
v32,arxiv:2609.39371,C4,paraphrase,5,no
v32,arxiv:2609.39371,C5,buried,22,no
v32,arxiv:2609.39371,C6,inject,9,no
v32,arxiv:2609.39371,C7,inject,23,no
v32,arxiv:2609.39371,C8,deletion,24,no
v32,arxiv:2609.39371,C9,deletion,10,no
v32,arxiv:2609.39371,C10,inject,0,no
v32,arxiv:2609.39371,C11,decoy,21,yes
v32,arxiv:2609.39371,C12,buried,6,no
v32,arxiv:2609.39371,C13,decoy,16,yes
v32,arxiv:2609.39371,C14,deletion,19,no
v32,arxiv:2609.39371,A1,deletion,18,no
v32,arxiv:2609.39371,A2,buried,11,no
v32,arxiv:2609.39371,A3,decoy,12,no
v32,arxiv:2609.39371,A4,paraphrase,15,no
v32,arxiv:2609.39371,A5,deletion,17,no
v32,arxiv:2609.39371,A6,decoy,14,yes
v32,arxiv:2609.39371,A7,buried,4,no
v32,arxiv:2609.39371,A8,decoy,2,no
v32,arxiv:2609.39371,A9,inject,13,no
v32,arxiv:2609.39371,A10,deletion,8,no
v32,arxiv:2609.39371,A11,decoy,20,no
v33,arxiv:2603.24649,C1,buried,8,no
v33,arxiv:2603.24649,C2,inject,5,no
v33,arxiv:2603.24649,C3,decoy,23,yes
v33,arxiv:2603.24649,C4,paraphrase,21,no
v33,arxiv:2603.24649,C5,deletion,0,no
v33,arxiv:2603.24649,C6,buried,6,no
v33,arxiv:2603.24649,C7,decoy,11,yes
v33,arxiv:2603.24649,C8,inject,9,no
v33,arxiv:2603.24649,C9,inject,3,no
v33,arxiv:2603.24649,C10,decoy,22,no
v33,arxiv:2603.24649,C11,paraphrase,18,no
v33,arxiv:2603.24649,C12,buried,10,no
v33,arxiv:2603.24649,C13,decoy,4,no
v33,arxiv:2603.24649,C14,paraphrase,17,no
v33,arxiv:2603.24649,A1,buried,15,no
v33,arxiv:2603.24649,A2,inject,14,no
v33,arxiv:2603.24649,A3,decoy,16,no
v33,arxiv:2603.24649,A4,decoy,7,yes
v33,arxiv:2603.24649,A5,inject,20,no
v33,arxiv:2603.24649,A6,decoy,13,yes
v33,arxiv:2603.24649,A7,decoy,1,no
v33,arxiv:2603.24649,A8,paraphrase,12,no
v33,arxiv:2603.24649,A9,inject,19,no
v33,arxiv:2603.24649,A10,deletion,2,no
v33,arxiv:2603.24649,A11,paraphrase,24,no
v34,arxiv:2606.28900,C1,deletion,11,no
v34,arxiv:2606.28900,C2,inject,5,no
v34,arxiv:2606.28900,C3,decoy,8,yes
v34,arxiv:2606.28900,C4,decoy,15,no
v34,arxiv:2606.28900,C5,deletion,22,no
v34,arxiv:2606.28900,C6,inject,7,no
v34,arxiv:2606.28900,C7,inject,16,no
v34,arxiv:2606.28900,C8,buried,20,no
v34,arxiv:2606.28900,C9,paraphrase,10,no
v34,arxiv:2606.28900,C10,paraphrase,1,no
v34,arxiv:2606.28900,C11,paraphrase,3,no
v34,arxiv:2606.28900,C12,paraphrase,24,no
v34,arxiv:2606.28900,C13,paraphrase,2,no
v34,arxiv:2606.28900,C14,inject,18,no
v34,arxiv:2606.28900,A1,deletion,13,no
v34,arxiv:2606.28900,A2,inject,17,no
v34,arxiv:2606.28900,A3,buried,23,no
v34,arxiv:2606.28900,A4,buried,4,no
v34,arxiv:2606.28900,A5,deletion,6,no
v34,arxiv:2606.28900,A6,deletion,19,no
v34,arxiv:2606.28900,A7,decoy,9,yes
v34,arxiv:2606.28900,A8,inject,0,no
v34,arxiv:2606.28900,A9,paraphrase,14,no
v34,arxiv:2606.28900,A10,inject,21,no
v34,arxiv:2606.28900,A11,inject,12,no
v35,arxiv:2609.33117,C1,deletion,2,no
v35,arxiv:2609.33117,C2,deletion,24,no
v35,arxiv:2609.33117,C3,inject,18,no
v35,arxiv:2609.33117,C4,buried,17,no
v35,arxiv:2609.33117,C5,buried,8,no
v35,arxiv:2609.33117,C6,deletion,9,no
v35,arxiv:2609.33117,C7,decoy,21,yes
v35,arxiv:2609.33117,C8,buried,11,no
v35,arxiv:2609.33117,C9,decoy,0,no
v35,arxiv:2609.33117,C10,deletion,3,no
v35,arxiv:2609.33117,C11,buried,19,no
v35,arxiv:2609.33117,C12,inject,10,no
v35,arxiv:2609.33117,C13,deletion,20,no
v35,arxiv:2609.33117,C14,buried,1,no
v35,arxiv:2609.33117,A1,decoy,12,no
v35,arxiv:2609.33117,A2,deletion,15,no
v35,arxiv:2609.33117,A3,inject,23,no
v35,arxiv:2609.33117,A4,inject,14,no
v35,arxiv:2609.33117,A5,buried,7,no
v35,arxiv:2609.33117,A6,deletion,16,no
v35,arxiv:2609.33117,A7,inject,13,no
v35,arxiv:2609.33117,A8,buried,5,no
v35,arxiv:2609.33117,A9,buried,4,no
v35,arxiv:2609.33117,A10,buried,22,no
v35,arxiv:2609.33117,A11,decoy,6,no
v36,arxiv:2606.11702,C1,inject,22,no
v36,arxiv:2606.11702,C2,paraphrase,15,no
v36,arxiv:2606.11702,C3,buried,14,no
v36,arxiv:2606.11702,C4,paraphrase,19,no
v36,arxiv:2606.11702,C5,deletion,10,no
v36,arxiv:2606.11702,C6,inject,24,no
v36,arxiv:2606.11702,C7,decoy,12,no
v36,arxiv:2606.11702,C8,deletion,8,no
v36,arxiv:2606.11702,C9,inject,6,no
v36,arxiv:2606.11702,C10,decoy,11,yes
v36,arxiv:2606.11702,C11,buried,9,no
v36,arxiv:2606.11702,C12,paraphrase,1,no
v36,arxiv:2606.11702,C13,decoy,20,yes
v36,arxiv:2606.11702,C14,deletion,0,no
v36,arxiv:2606.11702,A1,paraphrase,7,no
v36,arxiv:2606.11702,A2,inject,2,no
v36,arxiv:2606.11702,A3,inject,17,no
v36,arxiv:2606.11702,A4,deletion,23,no
v36,arxiv:2606.11702,A5,deletion,4,no
v36,arxiv:2606.11702,A6,paraphrase,5,no
v36,arxiv:2606.11702,A7,deletion,13,no
v36,arxiv:2606.11702,A8,decoy,18,yes
v36,arxiv:2606.11702,A9,decoy,16,no
v36,arxiv:2606.11702,A10,inject,3,no
v36,arxiv:2606.11702,A11,buried,21,no
v37,arxiv:2509.19319,C1,decoy,4,yes
v37,arxiv:2509.19319,C2,buried,11,no
v37,arxiv:2509.19319,C3,paraphrase,3,no
v37,arxiv:2509.19319,C4,paraphrase,19,no
v37,arxiv:2509.19319,C5,paraphrase,17,no
v37,arxiv:2509.19319,C6,paraphrase,21,no
v37,arxiv:2509.19319,C7,deletion,1,no
v37,arxiv:2509.19319,C8,deletion,24,no
v37,arxiv:2509.19319,C9,deletion,9,no
v37,arxiv:2509.19319,C10,deletion,16,no
v37,arxiv:2509.19319,C11,deletion,5,no
v37,arxiv:2509.19319,C12,deletion,0,no
v37,arxiv:2509.19319,C13,buried,6,no
v37,arxiv:2509.19319,C14,decoy,10,yes
v37,arxiv:2509.19319,A1,decoy,14,yes
v37,arxiv:2509.19319,A2,decoy,20,yes
v37,arxiv:2509.19319,A3,paraphrase,23,no
v37,arxiv:2509.19319,A4,inject,15,no
v37,arxiv:2509.19319,A5,buried,2,no
v37,arxiv:2509.19319,A6,buried,7,no
v37,arxiv:2509.19319,A7,deletion,12,no
v37,arxiv:2509.19319,A8,buried,22,no
v37,arxiv:2509.19319,A9,decoy,18,no
v37,arxiv:2509.19319,A10,decoy,8,yes
v37,arxiv:2509.19319,A11,deletion,13,no
v38,arxiv:2609.38480,C1,inject,23,no
v38,arxiv:2609.38480,C2,paraphrase,13,no
v38,arxiv:2609.38480,C3,buried,22,no
v38,arxiv:2609.38480,C4,decoy,20,yes
v38,arxiv:2609.38480,C5,paraphrase,18,no
v38,arxiv:2609.38480,C6,buried,16,no
v38,arxiv:2609.38480,C7,paraphrase,0,no
v38,arxiv:2609.38480,C8,inject,6,no
v38,arxiv:2609.38480,C9,inject,24,no
v38,arxiv:2609.38480,C10,paraphrase,11,no
v38,arxiv:2609.38480,C11,buried,15,no
v38,arxiv:2609.38480,C12,inject,7,no
v38,arxiv:2609.38480,C13,decoy,21,yes
v38,arxiv:2609.38480,C14,buried,10,no
v38,arxiv:2609.38480,A1,paraphrase,12,no
v38,arxiv:2609.38480,A2,paraphrase,5,no
v38,arxiv:2609.38480,A3,paraphrase,3,no
v38,arxiv:2609.38480,A4,buried,9,no
v38,arxiv:2609.38480,A5,buried,2,no
v38,arxiv:2609.38480,A6,paraphrase,4,no
v38,arxiv:2609.38480,A7,buried,1,no
v38,arxiv:2609.38480,A8,buried,19,no
v38,arxiv:2609.38480,A9,buried,8,no
v38,arxiv:2609.38480,A10,buried,14,no
v38,arxiv:2609.38480,A11,buried,17,no
v39,arxiv:2605.09675,C1,paraphrase,20,no
v39,arxiv:2605.09675,C2,deletion,14,no
v39,arxiv:2605.09675,C3,paraphrase,9,no
v39,arxiv:2605.09675,C4,inject,22,no
v39,arxiv:2605.09675,C5,decoy,18,yes
v39,arxiv:2605.09675,C6,deletion,2,no
v39,arxiv:2605.09675,C7,paraphrase,16,no
v39,arxiv:2605.09675,C8,deletion,11,no
v39,arxiv:2605.09675,C9,inject,4,no
v39,arxiv:2605.09675,C10,decoy,0,yes
v39,arxiv:2605.09675,C11,deletion,21,no
v39,arxiv:2605.09675,C12,decoy,7,yes
v39,arxiv:2605.09675,C13,deletion,15,no
v39,arxiv:2605.09675,C14,deletion,6,no
v39,arxiv:2605.09675,A1,decoy,3,no
v39,arxiv:2605.09675,A2,decoy,13,no
v39,arxiv:2605.09675,A3,deletion,5,no
v39,arxiv:2605.09675,A4,paraphrase,12,no
v39,arxiv:2605.09675,A5,decoy,24,yes
v39,arxiv:2605.09675,A6,decoy,23,no
v39,arxiv:2605.09675,A7,decoy,17,no
v39,arxiv:2605.09675,A8,buried,8,no
v39,arxiv:2605.09675,A9,buried,19,no
v39,arxiv:2605.09675,A10,paraphrase,10,no
v39,arxiv:2605.09675,A11,deletion,1,no
v40,arxiv:2509.23415,C1,paraphrase,21,no
v40,arxiv:2509.23415,C2,deletion,8,no
v40,arxiv:2509.23415,C3,deletion,22,no
v40,arxiv:2509.23415,C4,decoy,0,yes
v40,arxiv:2509.23415,C5,inject,19,no
v40,arxiv:2509.23415,C6,deletion,15,no
v40,arxiv:2509.23415,C7,inject,3,no
v40,arxiv:2509.23415,C8,decoy,16,no
v40,arxiv:2509.23415,C9,inject,4,no
v40,arxiv:2509.23415,C10,inject,12,no
v40,arxiv:2509.23415,C11,inject,6,no
v40,arxiv:2509.23415,C12,deletion,9,no
v40,arxiv:2509.23415,C13,deletion,24,no
v40,arxiv:2509.23415,C14,deletion,10,no
v40,arxiv:2509.23415,A1,paraphrase,5,no
v40,arxiv:2509.23415,A2,buried,11,no
v40,arxiv:2509.23415,A3,deletion,18,no
v40,arxiv:2509.23415,A4,paraphrase,13,no
v40,arxiv:2509.23415,A5,paraphrase,14,no
v40,arxiv:2509.23415,A6,buried,20,no
v40,arxiv:2509.23415,A7,inject,1,no
v40,arxiv:2509.23415,A8,decoy,7,yes
v40,arxiv:2509.23415,A9,decoy,2,yes
v40,arxiv:2509.23415,A10,paraphrase,17,no
v40,arxiv:2509.23415,A11,inject,23,no
